{"authorDailyContributionsMap":{"jamessspanggg":[{"date":"2020-11-09","commitResults":[{"hash":"3a6bcc7f4954120caffc656e5dcd5e6721348560","messageTitle":"Add hello world in javanese","messageBody":"","fileTypesAndContributionMap":{"ts":{"insertions":1,"deletions":0}}}]},{"date":"2020-11-10","commitResults":[{"hash":"7842730025949e179ccdc18a4dc99c560380a600","messageTitle":"Fix snapping in hashlinks","messageBody":"","fileTypesAndContributionMap":{"scss":{"insertions":9,"deletions":0}}},{"hash":"43bb4fb245ea535180a2646f10c98af3e104a82a","messageTitle":"Move left menu class name to appropriate div","messageBody":"","fileTypesAndContributionMap":{"tsx":{"insertions":1,"deletions":2}}}]},{"date":"2020-11-11","commitResults":[{"hash":"84ed544af4c845bbcd1936f33931aa9fd2c59bbe","messageTitle":"Add min width to user avatars","messageBody":"","fileTypesAndContributionMap":{"scss":{"insertions":2,"deletions":0}}}]},{"date":"2020-11-13","commitResults":[{"hash":"1f5ffafe723c026a496a26cc938f27c8dbd1e389","messageTitle":"Fix code highlighting in documentation (#734)","messageBody":"* Update react-syntax-highlighter to latest\r\n\r\n* Fix small typo\r\n\r\n* Modify all jsx code segments to typescript\r\n\r\n* Update formatting\r\n\r\n* Update index.tsx\r\n\r\n* Revert deletion of new lines in style guide index file\r\n\r\nCo-authored-by: accessdeniedIT \u003c59346347+accessdeniedIT@users.noreply.github.com\u003e\r\nCo-authored-by: Lakshya Thakur \u003clapstjup@gmail.com\u003e","fileTypesAndContributionMap":{"tsx":{"insertions":23,"deletions":24},"json":{"insertions":45,"deletions":41}}},{"hash":"3f741a9e7850f85f784c62cbe729a14994f8509b","messageTitle":"Change sorting of members to be based on contributorId (#788)","messageBody":"","fileTypesAndContributionMap":{"ts":{"insertions":1,"deletions":4}}}]},{"date":"2020-11-14","commitResults":[{"hash":"d9306c4791afe050502ee6859bf0e923bf1b3272","messageTitle":"[#743] Add new front end contributor (#744)","messageBody":"* Add contributor meharban\r\n\r\n* Update created date\r\n\r\n* Update created date","fileTypesAndContributionMap":{"json":{"insertions":13,"deletions":0}}}]},{"date":"2020-11-15","commitResults":[{"hash":"5a2ddc2711e7fa0f9f97b649d62166e560498132","messageTitle":"fix: width of task section on leaderboard (#840)","messageBody":"* Enforce widths of each task section\r\n\r\n* Add hover title to repository\r\n\r\n* fix: alphabetical order\r\n\r\nCo-authored-by: Sanjeev Sharma \u003c29539278+thesanjeevsharma@users.noreply.github.com\u003e","fileTypesAndContributionMap":{"scss":{"insertions":7,"deletions":3},"tsx":{"insertions":3,"deletions":1}}},{"hash":"2748dfb29dc07c23625f7d962d42f97c69925464","messageTitle":"fix: switch p tag with div (#846)","messageBody":"","fileTypesAndContributionMap":{"tsx":{"insertions":1,"deletions":1}}}]},{"date":"2020-11-16","commitResults":[{"hash":"1165a5502330d10401fc7a8f2870990fe6148417","messageTitle":"Remove empty new line in deployment guides (#859)","messageBody":"Co-authored-by: Lakshya Thakur \u003clapstjup@gmail.com\u003e","fileTypesAndContributionMap":{"tsx":{"insertions":17,"deletions":34}}},{"hash":"df71821dd36621c7a7f8c1f527bc20a748815727","messageTitle":"Utilise react-helmet-async instead of react-helmet (#857)","messageBody":"* Utilise react-helmet-async instead of react-helmet\r\n\r\n* Move HelmetProvider out to App\r\n\r\n* set defer to false for title change reflection\r\n\r\n* Revert \"set defer to false for title change reflection\"\r\n\r\nThis reverts commit 9a1be18f7b421aec11a8a5c9dddb5818b2f97291.\r\n\r\nCo-authored-by: Lakshya Thakur \u003clapstjup@gmail.com\u003e","fileTypesAndContributionMap":{"tsx":{"insertions":5,"deletions":2},"json":{"insertions":22,"deletions":13}}},{"hash":"7be362f28a311318230b8c9720d27bcee19bed05","messageTitle":"Fix console warnings (#865)","messageBody":"* Fix react state update on unmounted component error\r\n\r\n* Fix unique key error","fileTypesAndContributionMap":{"tsx":{"insertions":21,"deletions":19}}}]},{"date":"2020-11-18","commitResults":[{"hash":"5ca23fca5cc484e2ff9d11a937e9d3cf4a4879f6","messageTitle":"Add new contributor: Payments Manager Nikhil (#894)","messageBody":"* Add new contributor\r\n\r\n* update contributor id\r\n\r\nCo-authored-by: Lakshya Thakur \u003clapstjup@gmail.com\u003e","fileTypesAndContributionMap":{"json":{"insertions":13,"deletions":0}}},{"hash":"4cb76fe5106b005e351c33626b2e82c7332f5ba3","messageTitle":"Add new contributor (#895)","messageBody":"Co-authored-by: Lakshya Thakur \u003clapstjup@gmail.com\u003e","fileTypesAndContributionMap":{"json":{"insertions":14,"deletions":1}}}]},{"date":"2020-11-20","commitResults":[{"hash":"79c180bca34d315c9fa7648588736133615ff0a8","messageTitle":"Fix NaN reward (#938)","messageBody":"* Fix NaN reward\r\n\r\n* make a regex constants file\r\n\r\nCo-authored-by: Lakshya Thakur \u003clapstjup@gmail.com\u003e","fileTypesAndContributionMap":{"ts":{"insertions":3,"deletions":1}}}]},{"date":"2020-11-24","commitResults":[{"hash":"414fedeb6623dcfe36489924f0b52e3569a842a4","messageTitle":"Fix double calls to onClick when clicked on Icons (#1015)","messageBody":"* Remove redundant onClick in Icon\r\n\r\n* use noop\r\n\r\n* nah remove noop\r\n\r\nCo-authored-by: Lakshya Thakur \u003clapstjup@gmail.com\u003e","fileTypesAndContributionMap":{"tsx":{"insertions":0,"deletions":2}}}]},{"date":"2020-11-26","commitResults":[{"hash":"685de6af1030711721070aa66ed3767ece1f1351","messageTitle":"Add how to set up payment board docs (#1020)","messageBody":"* Add how to set up payment board docs\r\n\r\n* Use bold instead of double quotes \u0026 fix issues\r\n\r\n* Cleanup\r\n\r\n* cleanup\r\n\r\n* Fix grammar and add color codes\r\n\r\n* Use Label + concise the documentation\r\n\r\nCo-authored-by: Lakshya Thakur \u003clapstjup@gmail.com\u003e","fileTypesAndContributionMap":{"tsx":{"insertions":170,"deletions":0}}},{"hash":"f0ecc85251ad04bd453d3feb4633faa7a5afb010","messageTitle":"data(teams): remove Izsak (#1031)","messageBody":"","fileTypesAndContributionMap":{"json":{"insertions":0,"deletions":13}}},{"hash":"0215e3400870fc7cd357884c136e36dc58a449cb","messageTitle":"feat: github action for eslint (#1033)","messageBody":"* Add github action workflow\r\n\r\n* minor updates\r\n\r\nCo-authored-by: Sanjeev Sharma \u003c29539278+thesanjeevsharma@users.noreply.github.com\u003e","fileTypesAndContributionMap":{"yml":{"insertions":18,"deletions":0}}}]},{"date":"2020-11-27","commitResults":[{"hash":"e237b9fb1ba03a289409f4755e8a2afe26fe62b8","messageTitle":"Add new contributor (#1040)","messageBody":"* Add new contributor\r\n\r\n* Changed contributor id just for sake for continuity\r\n\r\nCo-authored-by: Lakshya Thakur \u003clapstjup@gmail.com\u003e","fileTypesAndContributionMap":{"json":{"insertions":13,"deletions":0}}}]},{"date":"2020-11-28","commitResults":[{"hash":"a435146fe3741e53fb23de92a1f8fa3374b3eec8","messageTitle":"Add new job opening (#1048)","messageBody":"* Add new job opening\r\n\r\n* Points -\u003e Coins change\r\n\r\nCo-authored-by: Hristijan Ilieski \u003cilieski.hristijan@gmail.com\u003e","fileTypesAndContributionMap":{"json":{"insertions":41,"deletions":1}}},{"hash":"7f6a6a6c498f1001f1bd2e2d7db336edf4ed31c5","messageTitle":"Add Stylelint as CSS/SCSS linter (#1049)","messageBody":"* Add stylelint and initial rules\r\n\r\n* Refactor scss files based on errors\r\n\r\n* Remove rule\r\n\r\n* Add new npm script for stylelint and add styelint to pre-commit hook\r\n\r\n* Add .stylelintcache to gitignore\r\n\r\n* Modify package json\r\n\r\n* re-order stylelint in package.json\r\n\r\nCo-authored-by: Lakshya Thakur \u003clapstjup@gmail.com\u003e","fileTypesAndContributionMap":{"scss":{"insertions":54,"deletions":53},"gitignore":{"insertions":3,"deletions":0},"json":{"insertions":1014,"deletions":46}}},{"hash":"f35dc0f2dad6049f54f49a2b4a2b1873f196d82b","messageTitle":"refactor: reuse Avatar component for account details slide up (#1052)","messageBody":"* Reuse avatar component\r\n\r\n* remove classname","fileTypesAndContributionMap":{"scss":{"insertions":0,"deletions":6},"tsx":{"insertions":2,"deletions":2}}}]},{"date":"2020-11-30","commitResults":[{"hash":"82bba406b8db9d29e9221307f37a9e45a7aa956e","messageTitle":"Add new dot net core opening (#1060)","messageBody":"* Add new dot net opening\r\n\r\n* Change to Engineering","fileTypesAndContributionMap":{"json":{"insertions":39,"deletions":0}}}]},{"date":"2020-12-01","commitResults":[{"hash":"c3aa20d3e5bf2b786bd81104f4d1b3b4fe9a7a0d","messageTitle":"Add tasks completed in Profile (#1065)","messageBody":"* Add tasks completed and left section container\r\n\r\n* Move breakpoint to earlier point","fileTypesAndContributionMap":{"scss":{"insertions":228,"deletions":0},"tsx":{"insertions":71,"deletions":3}}}]},{"date":"2020-12-03","commitResults":[{"hash":"efb8f3b129a581655557e1a103516c75c0f565a3","messageTitle":"Add new contributor (#1072)","messageBody":"","fileTypesAndContributionMap":{"json":{"insertions":12,"deletions":0}}}]},{"date":"2020-12-05","commitResults":[{"hash":"b8b357a28107ae2a551fd9fe9fc01252fea01b47","messageTitle":"fix: allow toggle on icons on docs sidebar (#1076)","messageBody":"Co-authored-by: Sanjeev Sharma \u003c29539278+thesanjeevsharma@users.noreply.github.com\u003e","fileTypesAndContributionMap":{"scss":{"insertions":2,"deletions":5},"tsx":{"insertions":6,"deletions":5}}}]},{"date":"2020-12-07","commitResults":[{"hash":"52fff9beca3e60ca385b843269833bca9afda53b","messageTitle":"data(teams): add missing data (#1081)","messageBody":"* Modify data\r\n\r\n* Use any\r\n\r\n* refactor: export TeamContributor\r\n\r\nCo-authored-by: Sanjeev Sharma \u003c29539278+thesanjeevsharma@users.noreply.github.com\u003e","fileTypesAndContributionMap":{"json":{"insertions":23,"deletions":23},"ts":{"insertions":5,"deletions":7}}},{"hash":"9d8d46817894ab6b4337b6b25d8b663797d6293c","messageTitle":"Add Profile Info section (#1070)","messageBody":"* Add first draft of profile info\r\n\r\n* Refine UI\r\n\r\n* Further refine UI based on design\r\n\r\n* Add edit modal\r\n\r\n* minor css profile changes\r\n\r\n* Add cursor pointer to edit profile icon\r\n\r\n* Mimic figma design with bg color\r\n\r\n* remove variables\r\n\r\n* Fix unsupported gap css in safari\r\n\r\n* Add any\r\n\r\n* Remove unused onClicks\r\n\r\n* Fix status bar overlapping in mobile view\r\n\r\nCo-authored-by: Lakshya Thakur \u003clapstjup@gmail.com\u003e","fileTypesAndContributionMap":{"scss":{"insertions":126,"deletions":3},"tsx":{"insertions":168,"deletions":15},"ts":{"insertions":42,"deletions":0}}}]},{"date":"2020-12-13","commitResults":[{"hash":"33a16abc95c2ecd73d0c4d533a01afe5cc1f3f0d","messageTitle":"Add new kotlin contributor (#1090)","messageBody":"* Add new kotlin contributor\r\n\r\n* Merge branch \u0027development\u0027 into 1084-add-job-description\r\n\r\n# Conflicts:\r\n#\tsrc/data/openings.json\r\n\r\nCo-authored-by: bucky \u003cbuckyroberts@gmail.com\u003e","fileTypesAndContributionMap":{"json":{"insertions":13,"deletions":0}}},{"hash":"fe2018a66b7afafd9f06d366c719d62c6dc5acdf","messageTitle":"Profile: add link to team page (#1104)","messageBody":"* refactor: add routing on teams page\r\n\r\n* refactor: move teams pathnames to constants\r\n\r\n* Extract teams to constants\r\n\r\n* Add link to team in profile page\r\n\r\n* Merge branch \u0027development\u0027 into 1084-add-job-description\r\n\r\n# Conflicts:\r\n#\tsrc/data/openings.json\r\n\r\nCo-authored-by: Sanjeev Sharma \u003c29539278+thesanjeevsharma@users.noreply.github.com\u003e\r\nCo-authored-by: bucky \u003cbuckyroberts@gmail.com\u003e","fileTypesAndContributionMap":{"tsx":{"insertions":4,"deletions":27},"ts":{"insertions":31,"deletions":2}}}]},{"date":"2020-12-16","commitResults":[{"hash":"114492ce6abb4fc5b359e3ee6261d13784dc0896","messageTitle":"Change width from 100vw to 100% (#1130)","messageBody":"","fileTypesAndContributionMap":{"scss":{"insertions":2,"deletions":2}}}]},{"date":"2020-12-18","commitResults":[{"hash":"e17a06bbb74ee9cc3ef194842561742b26904d78","messageTitle":"feat: add twitch (#1132)","messageBody":"","fileTypesAndContributionMap":{"tsx":{"insertions":11,"deletions":0},"ts":{"insertions":4,"deletions":0}}}]},{"date":"2020-12-22","commitResults":[{"hash":"cd2e63e519c80eebe2f38f17843a7dca04cddcf1","messageTitle":"fix: hash link snap (#1141)","messageBody":"* Add scroll to element if hash is present\r\n\r\n* Use !hash\r\n\r\nCo-authored-by: Sanjeev Sharma \u003c29539278+thesanjeevsharma@users.noreply.github.com\u003e","fileTypesAndContributionMap":{"tsx":{"insertions":13,"deletions":3}}}]},{"date":"2020-12-25","commitResults":[{"hash":"40b4aa0223e78ee6fe6c6e7062989af9316ccaab","messageTitle":"docs: remove sourcerer stats (#1148)","messageBody":"","fileTypesAndContributionMap":{"md":{"insertions":3,"deletions":7}}}]}]},"authorFileTypeContributionMap":{"jamessspanggg":{"yml":18,"gitignore":3,"json":1234,"scss":411,"tsx":403,"ts":83}},"authorContributionVariance":{"jamessspanggg":35903.59},"authorDisplayNameMap":{"jamessspanggg":"James Pang"}}
