{
  "authorDailyContributionsMap": {
    "jamessspanggg": [
      {
        "insertions": 6,
        "deletions": 2,
        "date": "2020-01-07",
        "commitResults": [
          {
            "hash": "5afd93e2d157e7a2e02b00d99dcd502a4ae11e70",
            "messageTitle": "Standardise \u0027edit\u0027 cell dialogue with \u0027toNumber()\u0027 behavior",
            "messageBody": "",
            "insertions": 5,
            "deletions": 1
          },
          {
            "hash": "c2d72c6236a47ad1b340c311ada4ed42263bb6d0",
            "messageTitle": "Translate sort link using i18n",
            "messageBody": "",
            "insertions": 1,
            "deletions": 1
          }
        ]
      },
      {
        "insertions": 41,
        "deletions": 2,
        "date": "2020-01-08",
        "commitResults": [
          {
            "hash": "fc97b3f188836a5da2fe82e818231bc9c5be2f94",
            "messageTitle": "Fix mistake of translating wrong word",
            "messageBody": "",
            "insertions": 1,
            "deletions": 1
          },
          {
            "hash": "67b62c5c1679ecbdf82a93b15646b26f7fc03f8e",
            "messageTitle": "EditOneCellCommandTests: Add number parsing tests",
            "messageBody": "",
            "insertions": 40,
            "deletions": 1
          }
        ]
      },
      {
        "insertions": 43,
        "deletions": 1,
        "date": "2020-01-21",
        "commitResults": [
          {
            "hash": "8d3911556ab5ec1d9ffafb1f95cd71d73c5caad0",
            "messageTitle": "Add facet for blank values/records per column",
            "messageBody": "",
            "insertions": 42,
            "deletions": 0
          },
          {
            "hash": "df76cb93b7d633060377eca48ccc77004d6ffa68",
            "messageTitle": "Fix error in calculation of blank records per column",
            "messageBody": "",
            "insertions": 1,
            "deletions": 1
          }
        ]
      }
    ]
  },
  "authorFinalContributionMap": {
    "jamessspanggg": 86
  },
  "authorFileTypeContributionMap": {
    "jamessspanggg": {
      "java": 4,
      "java": 39,
      "json": 2,
      "json": 2,
      "json": 4,
      "js": 35
    }
  },
  "authorContributionVariance": {
    "jamessspanggg": 216.48888
  },
  "authorDisplayNameMap": {
    "jamessspanggg": "James Pang"
  }
}
