{
  "authorDailyContributionsMap": {
    "jamessspanggg": [
      {
        "insertions": 6,
        "deletions": 2,
        "date": "2020-01-07",
        "commitResults": [
          {
            "hash": "5afd93e2d157e7a2e02b00d99dcd502a4ae11e70",
            "messageTitle": "Standardise \u0027edit\u0027 cell dialogue with \u0027toNumber()\u0027 behavior",
            "messageBody": "",
            "fileTypesAndContributionMap": {
              "java": {
                "insertions": 5,
                "deletions": 1
              }
            }
          },
          {
            "hash": "c2d72c6236a47ad1b340c311ada4ed42263bb6d0",
            "messageTitle": "Translate sort link using i18n",
            "messageBody": "",
            "fileTypesAndContributionMap": {
              "js": {
                "insertions": 1,
                "deletions": 1
              }
            }
          }
        ]
      },
      {
        "insertions": 41,
        "deletions": 2,
        "date": "2020-01-08",
        "commitResults": [
          {
            "hash": "fc97b3f188836a5da2fe82e818231bc9c5be2f94",
            "messageTitle": "Fix mistake of translating wrong word",
            "messageBody": "",
            "fileTypesAndContributionMap": {
              "js": {
                "insertions": 1,
                "deletions": 1
              }
            }
          },
          {
            "hash": "67b62c5c1679ecbdf82a93b15646b26f7fc03f8e",
            "messageTitle": "EditOneCellCommandTests: Add number parsing tests",
            "messageBody": "",
            "fileTypesAndContributionMap": {
              "java": {
                "insertions": 40,
                "deletions": 1
              }
            }
          }
        ]
      },
      {
        "insertions": 61,
        "deletions": 24,
        "date": "2020-01-20",
        "commitResults": [
          {
            "hash": "90628e6ab0d3ca4c1c4eb6cff4a32c703ada4704",
            "messageTitle": "Add fill down and blank down operations for all columns",
            "messageBody": "",
            "fileTypesAndContributionMap": {
              "js": {
                "insertions": 33,
                "deletions": 0
              }
            }
          },
          {
            "hash": "73936183bb88c446c512f8161307a3912b52d5e9",
            "messageTitle": "Refactor to individual functions",
            "messageBody": "",
            "fileTypesAndContributionMap": {
              "js": {
                "insertions": 28,
                "deletions": 24
              }
            }
          }
        ]
      },
      {
        "insertions": 67,
        "deletions": 7,
        "date": "2020-01-21",
        "commitResults": [
          {
            "hash": "8d3911556ab5ec1d9ffafb1f95cd71d73c5caad0",
            "messageTitle": "Add facet for blank values/records per column",
            "messageBody": "",
            "fileTypesAndContributionMap": {
              "json": {
                "insertions": 8,
                "deletions": 0
              },
              "js": {
                "insertions": 34,
                "deletions": 0
              }
            }
          },
          {
            "hash": "df76cb93b7d633060377eca48ccc77004d6ffa68",
            "messageTitle": "Fix error in calculation of blank records per column",
            "messageBody": "",
            "fileTypesAndContributionMap": {
              "js": {
                "insertions": 1,
                "deletions": 1
              }
            }
          },
          {
            "hash": "d7d4731f80c7a25de4bd8a4af8a4b7c634cbe957",
            "messageTitle": "Utilise callbacks to chain fill/blank down operations",
            "messageBody": "",
            "fileTypesAndContributionMap": {
              "js": {
                "insertions": 24,
                "deletions": 6
              }
            }
          }
        ]
      },
      {
        "insertions": 3,
        "deletions": 3,
        "date": "2020-01-27",
        "commitResults": [
          {
            "hash": "a19f859d2e94eb7d337d15e2cfcf34999f2cb521",
            "messageTitle": "Reverse order of fill down operation",
            "messageBody": "",
            "fileTypesAndContributionMap": {
              "js": {
                "insertions": 3,
                "deletions": 3
              }
            }
          }
        ]
      }
    ]
  },
  "authorFinalContributionMap": {
    "jamessspanggg": 141
  },
  "authorFileTypeContributionMap": {
    "jamessspanggg": {
      "java": 43,
      "json": 8,
      "js": 90
    }
  },
  "authorContributionVariance": {
    "jamessspanggg": 591.8231
  },
  "authorDisplayNameMap": {
    "jamessspanggg": "James Pang"
  }
}
