{
  "repoSenseVersion": "81ee3e4bc3",
  "reportGeneratedTime": "Tue Nov 24 19:02:03 2020 UTC",
  "reportGenerationTime": " 2 minute(s) 58.69 second(s)",
  "zoneId": "UTC",
  "reportTitle": "RepoSense Report",
  "repos": [
    {
      "location": {
        "location": "https://github.com/reposense/RepoSense.git",
        "repoName": "RepoSense",
        "organization": "reposense"
      },
      "branch": "master",
      "displayName": "reposense/RepoSense[master]",
      "outputFolderName": "reposense_RepoSense_master"
    },
    {
      "location": {
        "location": "https://github.com/OpenRefine/OpenRefine.git",
        "repoName": "OpenRefine",
        "organization": "OpenRefine"
      },
      "branch": "master",
      "displayName": "OpenRefine/OpenRefine[master]",
      "outputFolderName": "OpenRefine_OpenRefine_master"
    },
    {
      "location": {
        "location": "https://github.com/CS2103-AY1819S2-W15-2/main.git",
        "repoName": "main",
        "organization": "CS2103-AY1819S2-W15-2"
      },
      "branch": "master",
      "displayName": "CS2103-AY1819S2-W15-2/main[master]",
      "outputFolderName": "CS2103-AY1819S2-W15-2_main_master"
    },
    {
      "location": {
        "location": "https://github.com/DriverUncle/TumpangMePlease.git",
        "repoName": "TumpangMePlease",
        "organization": "DriverUncle"
      },
      "branch": "master",
      "displayName": "DriverUncle/TumpangMePlease[master]",
      "outputFolderName": "DriverUncle_TumpangMePlease_master"
    },
    {
      "location": {
        "location": "https://github.com/jamessspanggg/ChairVisE.git",
        "repoName": "ChairVisE",
        "organization": "jamessspanggg"
      },
      "branch": "master",
      "displayName": "jamessspanggg/ChairVisE[master]",
      "outputFolderName": "jamessspanggg_ChairVisE_master"
    },
    {
      "location": {
        "location": "https://github.com/GiftForGood/website.git",
        "repoName": "website",
        "organization": "GiftForGood"
      },
      "branch": "master",
      "displayName": "GiftForGood/website[master]",
      "outputFolderName": "GiftForGood_website_master"
    },
    {
      "location": {
        "location": "https://github.com/jroberts91/VisaHackathon.git",
        "repoName": "VisaHackathon",
        "organization": "jroberts91"
      },
      "branch": "master",
      "displayName": "jroberts91/VisaHackathon[master]",
      "outputFolderName": "jroberts91_VisaHackathon_master"
    }
  ],
  "errorList": [
    {
      "repoName": "whyboris/Video-Hub-App[master]",
      "errorMessage": "Branch \"master\" does not exist."
    }
  ],
  "sinceDate": "2019-02-08",
  "untilDate": "2020-11-24",
  "isSinceDateProvided": true,
  "isUntilDateProvided": false
}
