{
  "repoSenseVersion": "e1a10e6957",
  "reportGeneratedTime": "Sat Apr 18 17:08:08 2020 UTC",
  "reportGenerationTime": " 2 minute(s) 30.84 second(s)",
  "repos": [
    {
      "location": {
        "location": "https://github.com/reposense/RepoSense.git",
        "repoName": "RepoSense",
        "organization": "reposense"
      },
      "branch": "master",
      "displayName": "reposense/RepoSense[master]",
      "outputFolderName": "reposense_RepoSense_master"
    },
    {
      "location": {
        "location": "https://github.com/OpenRefine/OpenRefine.git",
        "repoName": "OpenRefine",
        "organization": "OpenRefine"
      },
      "branch": "master",
      "displayName": "OpenRefine/OpenRefine[master]",
      "outputFolderName": "OpenRefine_OpenRefine_master"
    },
    {
      "location": {
        "location": "https://github.com/whyboris/Video-Hub-App.git",
        "repoName": "Video-Hub-App",
        "organization": "whyboris"
      },
      "branch": "master",
      "displayName": "whyboris/Video-Hub-App[master]",
      "outputFolderName": "whyboris_Video-Hub-App_master"
    },
    {
      "location": {
        "location": "https://github.com/CS2103-AY1819S2-W15-2/main.git",
        "repoName": "main",
        "organization": "CS2103-AY1819S2-W15-2"
      },
      "branch": "master",
      "displayName": "CS2103-AY1819S2-W15-2/main[master]",
      "outputFolderName": "CS2103-AY1819S2-W15-2_main_master"
    },
    {
      "location": {
        "location": "https://github.com/DriverUncle/TumpangMePlease.git",
        "repoName": "TumpangMePlease",
        "organization": "DriverUncle"
      },
      "branch": "master",
      "displayName": "DriverUncle/TumpangMePlease[master]",
      "outputFolderName": "DriverUncle_TumpangMePlease_master"
    },
    {
      "location": {
        "location": "https://github.com/jamessspanggg/ChairVisE.git",
        "repoName": "ChairVisE",
        "organization": "jamessspanggg"
      },
      "branch": "master",
      "displayName": "jamessspanggg/ChairVisE[master]",
      "outputFolderName": "jamessspanggg_ChairVisE_master"
    }
  ],
  "errorList": [],
  "sinceDate": "2019-02-08",
  "untilDate": "2020-04-18",
  "isSinceDateProvided": true,
  "isUntilDateProvided": false
}
