{
  "repoSenseVersion": "v1.10.1",
  "reportGeneratedTime": "Tue Jan 14 14:49:54 2020 UTC",
  "repos": [
    {
      "location": {
        "location": "https://github.com/reposense/RepoSense.git",
        "repoName": "RepoSense",
        "organization": "reposense"
      },
      "branch": "master",
      "displayName": "reposense/RepoSense[master]",
      "outputFolderName": "reposense_RepoSense_master"
    },
    {
      "location": {
        "location": "https://github.com/whyboris/Video-Hub-App.git",
        "repoName": "Video-Hub-App",
        "organization": "whyboris"
      },
      "branch": "master",
      "displayName": "whyboris/Video-Hub-App[master]",
      "outputFolderName": "whyboris_Video-Hub-App_master"
    },
    {
      "location": {
        "location": "https://github.com/CS2103-AY1819S2-W15-2/main.git",
        "repoName": "main",
        "organization": "CS2103-AY1819S2-W15-2"
      },
      "branch": "master",
      "displayName": "CS2103-AY1819S2-W15-2/main[master]",
      "outputFolderName": "CS2103-AY1819S2-W15-2_main_master"
    },
    {
      "location": {
        "location": "https://github.com/DriverUncle/TumpangMePlease.git",
        "repoName": "TumpangMePlease",
        "organization": "DriverUncle"
      },
      "branch": "master",
      "displayName": "DriverUncle/TumpangMePlease[master]",
      "outputFolderName": "DriverUncle_TumpangMePlease_master"
    }
  ],
  "errorList": [
    {
      "repoName": "OpenRefine/OpenRefine[master]",
      "errorMessage": "Unexpected error stack trace for https://github.com/OpenRefine/OpenRefine.git:\n\u003ejava.lang.IllegalArgumentException: The provided file type, eclipse-pmd, contains illegal characters.\n\tat reposense.model.FileType.validateFileType(FileType.java:39)\n\tat reposense.model.FileType.\u003cinit\u003e(FileType.java:28)\n\tat reposense.model.FileType.convertStringFormatToFileType(FileType.java:48)\n\tat reposense.model.FileTypeManager.getFileFormat(FileTypeManager.java:51)\n\tat reposense.model.FileTypeManager.getFileType(FileTypeManager.java:28)\n\tat reposense.model.RepoConfiguration.getFileType(RepoConfiguration.java:404)\n\tat reposense.authorship.FileInfoAnalyzer.analyzeFile(FileInfoAnalyzer.java:47)\n\tat reposense.authorship.AuthorshipReporter.lambda$generateAuthorshipSummary$0(AuthorshipReporter.java:24)\n\tat java.base/java.util.stream.ReferencePipeline$3$1.accept(ReferencePipeline.java:195)\n\tat java.base/java.util.ArrayList$ArrayListSpliterator.forEachRemaining(ArrayList.java:1654)\n\tat java.base/java.util.stream.AbstractPipeline.copyInto(AbstractPipeline.java:484)\n\tat java.base/java.util.stream.AbstractPipeline.wrapAndCopyInto(AbstractPipeline.java:474)\n\tat java.base/java.util.stream.ReduceOps$ReduceOp.evaluateSequential(ReduceOps.java:913)\n\tat java.base/java.util.stream.AbstractPipeline.evaluate(AbstractPipeline.java:234)\n\tat java.base/java.util.stream.ReferencePipeline.collect(ReferencePipeline.java:578)\n\tat reposense.authorship.AuthorshipReporter.generateAuthorshipSummary(AuthorshipReporter.java:26)\n\tat reposense.report.ReportGenerator.analyzeRepo(ReportGenerator.java:237)\n\tat reposense.report.ReportGenerator.analyzeRepos(ReportGenerator.java:195)\n\tat reposense.report.ReportGenerator.cloneAndAnalyzeRepos(ReportGenerator.java:161)\n\tat reposense.report.ReportGenerator.generateReposReport(ReportGenerator.java:99)\n\tat reposense.RepoSense.main(RepoSense.java:63)\n"
    }
  ],
  "sinceDate": "2018-05-03",
  "untilDate": "2020-01-14",
  "isSinceDateProvided": true,
  "isUntilDateProvided": false
}
