{
  "repoSenseVersion": "5b1fb323dc",
  "reportGeneratedTime": "Thu Jan 30 15:05:20 2020 UTC",
  "repos": [
    {
      "location": {
        "location": "https://github.com/reposense/RepoSense.git",
        "repoName": "RepoSense",
        "organization": "reposense"
      },
      "branch": "master",
      "displayName": "reposense/RepoSense[master]",
      "outputFolderName": "reposense_RepoSense_master"
    },
    {
      "location": {
        "location": "https://github.com/OpenRefine/OpenRefine.git",
        "repoName": "OpenRefine",
        "organization": "OpenRefine"
      },
      "branch": "master",
      "displayName": "OpenRefine/OpenRefine[master]",
      "outputFolderName": "OpenRefine_OpenRefine_master"
    },
    {
      "location": {
        "location": "https://github.com/whyboris/Video-Hub-App.git",
        "repoName": "Video-Hub-App",
        "organization": "whyboris"
      },
      "branch": "master",
      "displayName": "whyboris/Video-Hub-App[master]",
      "outputFolderName": "whyboris_Video-Hub-App_master"
    },
    {
      "location": {
        "location": "https://github.com/DriverUncle/TumpangMePlease.git",
        "repoName": "TumpangMePlease",
        "organization": "DriverUncle"
      },
      "branch": "master",
      "displayName": "DriverUncle/TumpangMePlease[master]",
      "outputFolderName": "DriverUncle_TumpangMePlease_master"
    },
    {
      "location": {
        "location": "https://github.com/jamessspanggg/ChairVisE.git",
        "repoName": "ChairVisE",
        "organization": "jamessspanggg"
      },
      "branch": "master",
      "displayName": "jamessspanggg/ChairVisE[master]",
      "outputFolderName": "jamessspanggg_ChairVisE_master"
    }
  ],
  "errorList": [
    {
      "repoName": "CS2103-AY1819S2-W15-2/main[master]",
      "errorMessage": "Unexpected error stack trace for https://github.com/CS2103-AY1819S2-W15-2/main.git:\n\u003ejava.lang.ArrayIndexOutOfBoundsException: Index 6 out of bounds for length 6\n\tat reposense.commits.CommitInfoAnalyzer.analyzeCommit(CommitInfoAnalyzer.java:86)\n\tat reposense.commits.CommitInfoAnalyzer.lambda$analyzeCommits$0(CommitInfoAnalyzer.java:57)\n\tat java.base/java.util.stream.ReferencePipeline$3$1.accept(ReferencePipeline.java:195)\n\tat java.base/java.util.ArrayList$ArrayListSpliterator.forEachRemaining(ArrayList.java:1654)\n\tat java.base/java.util.stream.AbstractPipeline.copyInto(AbstractPipeline.java:484)\n\tat java.base/java.util.stream.AbstractPipeline.wrapAndCopyInto(AbstractPipeline.java:474)\n\tat java.base/java.util.stream.ReduceOps$ReduceOp.evaluateSequential(ReduceOps.java:913)\n\tat java.base/java.util.stream.AbstractPipeline.evaluate(AbstractPipeline.java:234)\n\tat java.base/java.util.stream.ReferencePipeline.collect(ReferencePipeline.java:578)\n\tat reposense.commits.CommitInfoAnalyzer.analyzeCommits(CommitInfoAnalyzer.java:61)\n\tat reposense.commits.CommitsReporter.generateCommitSummary(CommitsReporter.java:21)\n\tat reposense.report.ReportGenerator.analyzeRepo(ReportGenerator.java:244)\n\tat reposense.report.ReportGenerator.analyzeRepos(ReportGenerator.java:203)\n\tat reposense.report.ReportGenerator.cloneAndAnalyzeRepos(ReportGenerator.java:169)\n\tat reposense.report.ReportGenerator.generateReposReport(ReportGenerator.java:98)\n\tat reposense.RepoSense.main(RepoSense.java:68)\n"
    }
  ],
  "sinceDate": "2019-05-31",
  "untilDate": "2020-01-30",
  "isSinceDateProvided": true,
  "isUntilDateProvided": false
}
