{
  "authorDailyContributionsMap": {
    "jamessspanggg": [
      {
        "insertions": 1,
        "deletions": 1,
        "date": "2019-08-31",
        "commitResults": [
          {
            "hash": "33898a76ee87ca2ac6739c53653b268d2431c993",
            "messageTitle": "Enforce the import data to only accept .csv files",
            "messageBody": "",
            "insertions": 1,
            "deletions": 1
          }
        ]
      },
      {
        "insertions": 7731,
        "deletions": 8521,
        "date": "2019-09-07",
        "commitResults": [
          {
            "hash": "374c69c713d256c4f954177730e5cc34a68ceadc",
            "messageTitle": "Update package-lock.json to reflect latest version of dependencies",
            "messageBody": "",
            "insertions": 7728,
            "deletions": 8520
          },
          {
            "hash": "0f2af74a2d601bb456915eeb2b260b3a63f3836c",
            "messageTitle": "travis.yml: update dist property to trusty",
            "messageBody": "",
            "insertions": 2,
            "deletions": 0
          },
          {
            "hash": "adff23bb27cc06d1b23f9d787cdb01fee3323a51",
            "messageTitle": "ImportData.vue: comment out unnecessary console log",
            "messageBody": "",
            "insertions": 1,
            "deletions": 1
          }
        ]
      },
      {
        "insertions": 115,
        "deletions": 7,
        "date": "2019-09-14",
        "commitResults": [
          {
            "hash": "d2d0b7d0c11c2e2dfd4d0438e9612ded5c087407",
            "messageTitle": "Add x and y label name options to bar charts",
            "messageBody": "",
            "insertions": 89,
            "deletions": 4
          },
          {
            "hash": "513c2c0879bb25e12f0c6cbec3641db1b7043616",
            "messageTitle": "Add x and y label name options to line charts",
            "messageBody": "",
            "insertions": 26,
            "deletions": 3
          }
        ]
      },
      {
        "insertions": 2,
        "deletions": 2,
        "date": "2019-09-19",
        "commitResults": [
          {
            "hash": "ad613cd91638bd36593239229f9ead74289c4060",
            "messageTitle": "Move legend position to top",
            "messageBody": "",
            "insertions": 2,
            "deletions": 2
          }
        ]
      },
      {
        "insertions": 56,
        "deletions": 14,
        "date": "2019-10-06",
        "commitResults": [
          {
            "hash": "04ba36d2d3b8189162c8a5f340f3ebb51d6301da",
            "messageTitle": "ImportData.vue: add preview of first 5 rows of uploaded data",
            "messageBody": "",
            "insertions": 47,
            "deletions": 1
          },
          {
            "hash": "c3d0dca2710dc93eb4b1d38a5348f85774af845a",
            "messageTitle": "ImportData.vue: fix lint errors",
            "messageBody": "",
            "insertions": 8,
            "deletions": 12
          },
          {
            "hash": "8e48def5dc1538eb5cfa623d61dbbf834631affd",
            "messageTitle": "ImportData.vue: reword title of table",
            "messageBody": "",
            "insertions": 1,
            "deletions": 1
          }
        ]
      },
      {
        "insertions": 2,
        "deletions": 2,
        "date": "2019-10-10",
        "commitResults": [
          {
            "hash": "9c4d417b0349b4a9f09e9c090be57245cfa31b04",
            "messageTitle": "ImportData.vue: prevent table headers from overflowing",
            "messageBody": "",
            "insertions": 2,
            "deletions": 2
          }
        ]
      },
      {
        "insertions": 41,
        "deletions": 12,
        "date": "2019-10-11",
        "commitResults": [
          {
            "hash": "e1415df6b138645e36f16960d01007217212b524",
            "messageTitle": "UploadedFiles.vue: - add table type column - add missing navigateToHomePage method",
            "messageBody": "",
            "insertions": 41,
            "deletions": 12
          }
        ]
      },
      {
        "insertions": 89,
        "deletions": 19,
        "date": "2019-10-12",
        "commitResults": [
          {
            "hash": "47c9f4518837eed798aa76707085e189191bf9b5",
            "messageTitle": "Move date ordering of UserFile from the frontend to the backend",
            "messageBody": "",
            "insertions": 4,
            "deletions": 3
          },
          {
            "hash": "9b620dc1b3e2279582ca99c3fe99fa6758ca9719",
            "messageTitle": "UploadedFiles.vue: Add deletion function",
            "messageBody": "",
            "insertions": 85,
            "deletions": 16
          }
        ]
      },
      {
        "insertions": 33,
        "deletions": 19,
        "date": "2019-10-14",
        "commitResults": [
          {
            "hash": "45dd899103fcf8a250498b4ab190d69509ee329e",
            "messageTitle": "UploadedFiles.vue: Remove redundant method",
            "messageBody": "",
            "insertions": 0,
            "deletions": 5
          },
          {
            "hash": "fe0a1b22d25ac03b679ee271cc63a01a961553e1",
            "messageTitle": "Fix variable casing",
            "messageBody": "",
            "insertions": 6,
            "deletions": 6
          },
          {
            "hash": "8d3edfb21ab524db8e31cff01068c2744be9438e",
            "messageTitle": "Add deletion of submission record and submission author record",
            "messageBody": "",
            "insertions": 8,
            "deletions": 7
          },
          {
            "hash": "6e757673a8f7157b744155f23d02abded0391620",
            "messageTitle": "UploadedFiles.vue: Add confirmation box before deletion",
            "messageBody": "",
            "insertions": 19,
            "deletions": 1
          }
        ]
      },
      {
        "insertions": 8,
        "deletions": 5,
        "date": "2019-10-17",
        "commitResults": [
          {
            "hash": "aa37abdea2d6dfe3edfb1e4d5ebda375db088721",
            "messageTitle": "Analyze.vue: reorder position of advance edit buttons",
            "messageBody": "",
            "insertions": 8,
            "deletions": 5
          }
        ]
      },
      {
        "insertions": 212,
        "deletions": 0,
        "date": "2019-10-25",
        "commitResults": [
          {
            "hash": "27ff3bae593ab69f3660ec29cb86985fc8a49045",
            "messageTitle": "Add visualization of average reviewer expertise level for each author, organization and country",
            "messageBody": "",
            "insertions": 212,
            "deletions": 0
          }
        ]
      },
      {
        "insertions": 227,
        "deletions": 2,
        "date": "2019-10-27",
        "commitResults": [
          {
            "hash": "7d9bb87112fdbfb12106c35fbb966f45f75733df",
            "messageTitle": "add visualizations: - Submission Rejected Rank Paper Author - Submission Rejected Rank Track - Average Reviewer\u0027s Expertise Level By Track - Average Number of Days to Review by Track",
            "messageBody": "",
            "insertions": 225,
            "deletions": 0
          },
          {
            "hash": "424a435ae624e121d2a7464dd5491f8f63755a61",
            "messageTitle": "Fix typo",
            "messageBody": "",
            "insertions": 2,
            "deletions": 2
          }
        ]
      },
      {
        "insertions": 39,
        "deletions": 2,
        "date": "2019-10-30",
        "commitResults": [
          {
            "hash": "f27827122b14fd4b4f2659970005d3e3cd39e4fa",
            "messageTitle": "Add presentation delete confirmation prompt",
            "messageBody": "",
            "insertions": 19,
            "deletions": 1
          },
          {
            "hash": "7dab96a33ec9034b0618085879ef522b801e4001",
            "messageTitle": "Add pop up before deleting visualization",
            "messageBody": "",
            "insertions": 20,
            "deletions": 1
          }
        ]
      }
    ]
  },
  "authorFinalContributionMap": {
    "jamessspanggg": 761
  },
  "authorFileTypeContributionMap": {
    "jamessspanggg": {
      "yml": 2,
      "java": 91,
      "vue": 161,
      "js": 507
    }
  },
  "authorContributionVariance": {
    "jamessspanggg": 4253035.5
  },
  "authorDisplayNameMap": {
    "jamessspanggg": "James Pang"
  }
}
