{
  "authorDailyContributionsMap": {
    "jamessspanggg": [
      {
        "insertions": 1,
        "deletions": 0,
        "date": "2020-01-05",
        "commitResults": [
          {
            "hash": "3bf831dd5bea0180630b3a0c96fef22ab4bf7327",
            "messageTitle": "Reset virtual scroller when views are switched",
            "messageBody": "",
            "insertions": 1,
            "deletions": 0
          }
        ]
      },
      {
        "insertions": 9,
        "deletions": 0,
        "date": "2020-01-06",
        "commitResults": [
          {
            "hash": "93fb2993d19e5471574b9dfb0738f2327f335fb3",
            "messageTitle": "Add removal of all existing tags when switching hubs",
            "messageBody": "",
            "insertions": 9,
            "deletions": 0
          }
        ]
      }
    ]
  },
  "authorFinalContributionMap": {
    "jamessspanggg": 10
  },
  "authorFileTypeContributionMap": {
    "jamessspanggg": {
      "ts": 2,
      "ts": 8
    }
  },
  "authorContributionVariance": {
    "jamessspanggg": 3.2430553
  },
  "authorDisplayNameMap": {
    "jamessspanggg": "James Pang"
  }
}
