{"authorDailyContributionsMap":{"jamessspanggg":[{"date":"2019-02-08","commitResults":[{"hash":"9f6a4f73c490a93b2ce12a87e53a3cd6a65ef525","messageTitle":"Set theme jekyll-theme-minimal","messageBody":"","fileTypesAndContributionMap":{"yml":{"insertions":1,"deletions":1}}},{"hash":"3ff5da4126504a39bedf09708cdafc49184c3027","messageTitle":"Set theme jekyll-theme-minimal","messageBody":"","fileTypesAndContributionMap":{}}]},{"date":"2019-02-15","commitResults":[{"hash":"3ddd12245f4798986cfe06bd5ce90e3e2bc30bdb","messageTitle":"Add JamesPang photo","messageBody":"","fileTypesAndContributionMap":{}},{"hash":"7b25d7125d4a06486077411b981ac1b093adf9a3","messageTitle":"Update photos and GitHub links","messageBody":"","fileTypesAndContributionMap":{"adoc":{"insertions":2,"deletions":2}}},{"hash":"d5b491104d280ef206622817ee6decbaa5f6801a","messageTitle":"Delete JamesPang.jpg","messageBody":"","fileTypesAndContributionMap":{}},{"hash":"68598f52fbc6e197c500ec9acac9f1fce2c5c9f4","messageTitle":"Add James Pang\u0027s display photo","messageBody":"","fileTypesAndContributionMap":{}},{"hash":"a2b8a5570a86d1262d6ca9791928d7c61e5ad326","messageTitle":"Update James\u0027 Photo","messageBody":"","fileTypesAndContributionMap":{"adoc":{"insertions":3,"deletions":3}}},{"hash":"12f3079d457e5445e3f330dc2cddf0819d422047","messageTitle":"Update UserGuide","messageBody":"","fileTypesAndContributionMap":{"adoc":{"insertions":70,"deletions":55}}}]},{"date":"2019-02-16","commitResults":[{"hash":"265618533cfba62a1f91b61fd1600edb9f5d43d9","messageTitle":"Remove trailing white spaces","messageBody":"","fileTypesAndContributionMap":{"adoc":{"insertions":2,"deletions":2}}},{"hash":"8a9c066cac4d8577dddf59136fc4f8b121a94240","messageTitle":"Remove trailing white spaces","messageBody":"","fileTypesAndContributionMap":{"adoc":{"insertions":1,"deletions":2}}},{"hash":"fc043f3206649eba1275248f4c8835eccf6bda65","messageTitle":"Remove trailing white spaces","messageBody":"","fileTypesAndContributionMap":{"adoc":{"insertions":1,"deletions":1}}},{"hash":"86ec258b2ca294278f4b30391bb88943ba7d7c49","messageTitle":"Remove trailing whitespaces","messageBody":"","fileTypesAndContributionMap":{"adoc":{"insertions":1,"deletions":1}}},{"hash":"84c72d99746d8f1ce4458df5a11583617791f909","messageTitle":"Align doc properly","messageBody":"","fileTypesAndContributionMap":{"adoc":{"insertions":6,"deletions":6}}},{"hash":"41eb0041a4236d8267d21a9990f0979fd81e22db","messageTitle":"Format user guide","messageBody":"","fileTypesAndContributionMap":{"adoc":{"insertions":10,"deletions":10}}},{"hash":"7258f526aa5058379e4bd0250fa2099d54627861","messageTitle":"Formatting","messageBody":"","fileTypesAndContributionMap":{"adoc":{"insertions":2,"deletions":2}}}]},{"date":"2019-02-18","commitResults":[{"hash":"4c020f744f1799adc1b817f5ac119ecea6f95471","messageTitle":"Update UserGuide","messageBody":"","fileTypesAndContributionMap":{"adoc":{"insertions":70,"deletions":55}}},{"hash":"d07168710030827814381d68bea25c00155dc165","messageTitle":"Remove trailing whitespaces","messageBody":"","fileTypesAndContributionMap":{"adoc":{"insertions":2,"deletions":3}}},{"hash":"e116a0baea6ea1e2e11463825cc27e24615b95f2","messageTitle":"Align doc properly","messageBody":"","fileTypesAndContributionMap":{"adoc":{"insertions":6,"deletions":6}}},{"hash":"f71990725c5abec6c9394cf9e1c8ee7e520c67e6","messageTitle":"Format user guide","messageBody":"","fileTypesAndContributionMap":{"adoc":{"insertions":10,"deletions":10}}},{"hash":"4de77275e383ae5eb620fd5469ad7b4d2b9e1a45","messageTitle":"Formatting","messageBody":"","fileTypesAndContributionMap":{"adoc":{"insertions":2,"deletions":2}}}]},{"date":"2019-02-19","commitResults":[{"hash":"47f8d48ca34e3335b1103185c3459a6a9fbd4a3e","messageTitle":"Remove trailing whitespaces","messageBody":"","fileTypesAndContributionMap":{"adoc":{"insertions":1,"deletions":1}}}]},{"date":"2019-02-28","commitResults":[{"hash":"318c64550bb80a9cae8e1cb4a0663f7e7dc002b3","messageTitle":"Update delete command","messageBody":"","fileTypesAndContributionMap":{"java":{"insertions":1,"deletions":1}}}]},{"date":"2019-03-03","commitResults":[{"hash":"5620972fb154eb27b62787617b3c5f1a8c1737d6","messageTitle":"Change PersonCard and PersonListPanel to ExpenseCard and ExpenseListPanel","messageBody":"","fileTypesAndContributionMap":{"fxml":{"insertions":2,"deletions":4},"java":{"insertions":54,"deletions":56}}},{"hash":"ca91eabfa7e61f5219b7ac115f2ce4bcad768964","messageTitle":"Update Expense List Panel and fixed errors","messageBody":"","fileTypesAndContributionMap":{"fxml":{"insertions":1,"deletions":1},"java":{"insertions":10,"deletions":3}}},{"hash":"8e61bb45a76b34cf6cf0df41db4a06740a117e5b","messageTitle":"Add new Ui Mockup","messageBody":"","fileTypesAndContributionMap":{}},{"hash":"f349e4fd2dca283453cb6e92d0f92eac9a151b44","messageTitle":"Delete Ui.png","messageBody":"","fileTypesAndContributionMap":{}},{"hash":"a2ed644199516b0c02fdd2e6fa5c59f3680d4d72","messageTitle":"Add Ui.png mockup","messageBody":"","fileTypesAndContributionMap":{}},{"hash":"24ca365f93184054323cdeb247cdbd112b4a4038","messageTitle":"Add Ui Mockup in README.adoc","messageBody":"","fileTypesAndContributionMap":{"adoc":{"insertions":1,"deletions":1}}},{"hash":"ed6f80102640dc35673e6886cdda41c17082e775","messageTitle":"Make changes to UI to display expense card","messageBody":"","fileTypesAndContributionMap":{"java":{"insertions":6,"deletions":8}}},{"hash":"8e0752c940a97a421e0a15c7e69113b548b53eba","messageTitle":"Add title to expense list panel","messageBody":"","fileTypesAndContributionMap":{"fxml":{"insertions":4,"deletions":2},"css":{"insertions":6,"deletions":2},"java":{"insertions":0,"deletions":36}}},{"hash":"a8c53ce34541ab55d61d75ed4c75f2c21d7523a0","messageTitle":"Fix typo","messageBody":"","fileTypesAndContributionMap":{"java":{"insertions":1,"deletions":1}}},{"hash":"51b688992e79999052a888e5d2314f062ffe03c9","messageTitle":"Add budget and debt list to UI","messageBody":"","fileTypesAndContributionMap":{"fxml":{"insertions":86,"deletions":0},"java":{"insertions":276,"deletions":0}}},{"hash":"b4974eeb1ae6d4c3668683684b3494755273d9ba","messageTitle":"Change width of lists","messageBody":"","fileTypesAndContributionMap":{"css":{"insertions":2,"deletions":2}}},{"hash":"8729ebb320c453aff73b841f5998b58992acefb2","messageTitle":"Modify Expense Card and MainWindow","messageBody":"","fileTypesAndContributionMap":{"fxml":{"insertions":22,"deletions":9},"java":{"insertions":25,"deletions":61}}},{"hash":"c59c7e390df78d9af266a78fc4e4fdf1c46dad1a","messageTitle":"Add new line after EOF","messageBody":"","fileTypesAndContributionMap":{"java":{"insertions":1,"deletions":1}}}]},{"date":"2019-03-04","commitResults":[{"hash":"4e90e20ce52531ccf187add2a3eef6e0552ee6a5","messageTitle":"Change mistake for generic type of getFilteredBudgetList()","messageBody":"","fileTypesAndContributionMap":{"java":{"insertions":1,"deletions":1}}},{"hash":"a3368fffd2672640f653b0e921fdf7251f9e3523","messageTitle":"Update MainWindow to display Budget and Debt List","messageBody":"","fileTypesAndContributionMap":{"fxml":{"insertions":27,"deletions":78},"java":{"insertions":1,"deletions":0}}},{"hash":"ab1e34515c470786718f372dd84722036d15e292","messageTitle":"Add Recurring Expense List in UI","messageBody":"","fileTypesAndContributionMap":{"fxml":{"insertions":44,"deletions":30},"java":{"insertions":141,"deletions":0}}},{"hash":"496185ea884103b8a57120744379cc566ff4e105","messageTitle":"Re-adjust position of lists in UI","messageBody":"","fileTypesAndContributionMap":{"fxml":{"insertions":26,"deletions":15},"css":{"insertions":5,"deletions":0},"java":{"insertions":8,"deletions":0}}},{"hash":"c4dc02ad9ad4d46682319281dd479ab64f7e06f5","messageTitle":"Add recurring expenses list to UI","messageBody":"","fileTypesAndContributionMap":{"fxml":{"insertions":4,"deletions":3},"java":{"insertions":7,"deletions":8}}}]},{"date":"2019-03-05","commitResults":[{"hash":"0aaa0da4b7fa055200e7cb7f008aa91aad5b6ba6","messageTitle":"Remove trailing whitespaces in Model Manager","messageBody":"","fileTypesAndContributionMap":{"java":{"insertions":2,"deletions":2}}},{"hash":"0e0ae92473eb38dc174afcf7ee8e1978d9c14ec3","messageTitle":"Fix checkstyle errors for all commands","messageBody":"","fileTypesAndContributionMap":{"java":{"insertions":192,"deletions":113}}},{"hash":"1b501bf485ae1a24b1c093df7b6e6b119dfd7c61","messageTitle":"Fix checkstyle errors for UI classes","messageBody":"","fileTypesAndContributionMap":{"java":{"insertions":31,"deletions":38},"adoc":{"insertions":0,"deletions":2}}},{"hash":"ecce16cb29d3b50a9bda681aacc5102cf26c20b4","messageTitle":"Fix checkstyle errors for Storage classes","messageBody":"","fileTypesAndContributionMap":{"java":{"insertions":6,"deletions":18}}},{"hash":"033d236f3ef52b05b5bb09a49f74f1e62fcdc5a6","messageTitle":"Update Ui Component Class Diagram","messageBody":"","fileTypesAndContributionMap":{}},{"hash":"bd40f237a65e6f533fe07461b2a952b93ac11ad3","messageTitle":"Update Ui Component Class Diagram and update Developer\u0027s Guide","messageBody":"","fileTypesAndContributionMap":{}},{"hash":"b5daf336640078080e77802476fb71adab7352be","messageTitle":"Update Budget class to remove checkstyle errors","messageBody":"","fileTypesAndContributionMap":{"java":{"insertions":6,"deletions":2}}},{"hash":"2dcbf9fc9255bd01633ba8714efb667485ff322f","messageTitle":"Update fxml names for Debt, Expense and Recurring List Cards.","messageBody":"","fileTypesAndContributionMap":{"fxml":{"insertions":3,"deletions":3}}},{"hash":"8ee08fe61777df2746fd56494d4a0077a0129c78","messageTitle":"Update files that caused errors on checkstyleTest","messageBody":"","fileTypesAndContributionMap":{"java":{"insertions":132,"deletions":119}}},{"hash":"25763f7c1d492ba3721b577b649f66ba63311897","messageTitle":"Add blank line","messageBody":"","fileTypesAndContributionMap":{"java":{"insertions":1,"deletions":0}}}]},{"date":"2019-03-10","commitResults":[{"hash":"7e327c231978109e7d643ce6cc6f100dc100f66f","messageTitle":"Rename all display photos to our github usernames","messageBody":"","fileTypesAndContributionMap":{"adoc":{"insertions":5,"deletions":5}}},{"hash":"05cc5898267ed9c166411d23d21376d423de2867","messageTitle":"Update all gui test cases","messageBody":"","fileTypesAndContributionMap":{"fxml":{"insertions":22,"deletions":22},"java":{"insertions":917,"deletions":275}}},{"hash":"8596b18e5cfff56ffb28c978b6ca2a94ad5f028c","messageTitle":"Fix checkstyle errors for updated tests","messageBody":"","fileTypesAndContributionMap":{"java":{"insertions":18,"deletions":15}}},{"hash":"d13d17a3363e9469573ffc71b4c4ebd459415992","messageTitle":"Update UI Component Class Diagram","messageBody":"","fileTypesAndContributionMap":{}}]},{"date":"2019-03-12","commitResults":[{"hash":"da62ce6864da0b2b14dbf0a9b9de77d669cda3dc","messageTitle":"Remove extra Ui.png","messageBody":"","fileTypesAndContributionMap":{"adoc":{"insertions":0,"deletions":1}}},{"hash":"e1b5004a1529f833a04ab255924cbb8c49e568b9","messageTitle":"Update Travis link with our updated org name","messageBody":"","fileTypesAndContributionMap":{"adoc":{"insertions":1,"deletions":1}}},{"hash":"4a5c21ae32326d28db00645dc5a8f3ffcea4eef2","messageTitle":"Update Travis link with updated org name","messageBody":"","fileTypesAndContributionMap":{"adoc":{"insertions":1,"deletions":2}}},{"hash":"4e6ff5d5baef4b324e320a5e0127784b9dada3ba","messageTitle":"Update GitHub org \u0026 Jia hui\u0027s responsibilities","messageBody":"","fileTypesAndContributionMap":{"adoc":{"insertions":2,"deletions":2}}},{"hash":"9fa14995cbd2a2c4db320530ac04735f5e34782f","messageTitle":"Update Travis image link","messageBody":"","fileTypesAndContributionMap":{"adoc":{"insertions":1,"deletions":1}}},{"hash":"40a0461d8ce3e6856083632d7dcc9fd51abdaa38","messageTitle":"Add Gradle content","messageBody":"","fileTypesAndContributionMap":{"gradlew":{"insertions":172,"deletions":0}}},{"hash":"247b273d9042b9f63eae760fe9f31ae4d59f6771","messageTitle":"Update gradlew","messageBody":"","fileTypesAndContributionMap":{"gradlew":{"insertions":171,"deletions":171}}}]},{"date":"2019-03-14","commitResults":[{"hash":"339565bbe93e698105321e19fdbcc5ebc69b92ba","messageTitle":"Update json file to pass JsonSerializableFinanceTrackerTest","messageBody":"","fileTypesAndContributionMap":{"json":{"insertions":1,"deletions":1}}}]},{"date":"2019-03-15","commitResults":[{"hash":"609f4eead45bcdf03cca063827670e37b50ef184","messageTitle":"Refactor add, edit, delete and clear commands","messageBody":"","fileTypesAndContributionMap":{"java":{"insertions":356,"deletions":322}}},{"hash":"8cdabb9da954beab4f8bb790471213556a4fb760","messageTitle":"Update browser panel and expense tests","messageBody":"","fileTypesAndContributionMap":{"fxml":{"insertions":1,"deletions":1},"java":{"insertions":43,"deletions":11},"html":{"insertions":63,"deletions":0}}}]},{"date":"2019-03-16","commitResults":[{"hash":"b84faf6cdccfdd74e776e94ba716eca12f9f0615","messageTitle":"Add EOF line on selectedexpense.html","messageBody":"","fileTypesAndContributionMap":{"html":{"insertions":1,"deletions":1}}},{"hash":"501258cb1fdfbc9598d347ec0a37380f41967b3d","messageTitle":"Update expense list to display expenses in descending order of date","messageBody":"","fileTypesAndContributionMap":{"java":{"insertions":58,"deletions":13}}},{"hash":"67762b83620598e2462c81c22b5b2e3fa13d62a5","messageTitle":"add eof line on selectedexpense.html","messageBody":"","fileTypesAndContributionMap":{"html":{"insertions":1,"deletions":1}}},{"hash":"927407d73d36c8ee6eae8248d81da99ceab18d8d","messageTitle":"Update UI to show category in terms of images","messageBody":"","fileTypesAndContributionMap":{"html":{"insertions":36,"deletions":1}}},{"hash":"61e1de1e5b527b64fe348939ede08e5600501883","messageTitle":"Update MainWindow title","messageBody":"","fileTypesAndContributionMap":{"fxml":{"insertions":1,"deletions":1}}}]},{"date":"2019-03-17","commitResults":[{"hash":"00bf089298fa1ae78781ea854a853033571e3593","messageTitle":"Update undo/redo implementation in DG","messageBody":"","fileTypesAndContributionMap":{"adoc":{"insertions":4,"deletions":4}}},{"hash":"6f169609f7a0a7c298b77617c2e2722550a3410f","messageTitle":"Refactor List command as ListExpense","messageBody":"","fileTypesAndContributionMap":{"java":{"insertions":56,"deletions":46}}}]},{"date":"2019-03-18","commitResults":[{"hash":"40c34ef173b41c2d9e91ab54638cc21de6436920","messageTitle":"Add break line to import statement","messageBody":"","fileTypesAndContributionMap":{"java":{"insertions":1,"deletions":0}}},{"hash":"e92b10cb1dd3d5ad2464696ed3ba6af65c520bea","messageTitle":"Refactor, update ListExpense command to display in terms of categories","messageBody":"","fileTypesAndContributionMap":{"java":{"insertions":195,"deletions":23}}}]},{"date":"2019-03-19","commitResults":[{"hash":"03d2d7f82463b329602368bdfc57599c0eceacc7","messageTitle":"Add listing feature under implementation in developer guide","messageBody":"","fileTypesAndContributionMap":{"java":{"insertions":11,"deletions":12},"adoc":{"insertions":38,"deletions":0}}},{"hash":"90155e5044ceab4796762984bc5f558d40830620","messageTitle":"Update listexpense feature with views: day, week, month, year","messageBody":"","fileTypesAndContributionMap":{"java":{"insertions":48,"deletions":4}}},{"hash":"1d5704f377c91f14d9c746867b2d2c299e2b730f","messageTitle":"Refactor isWithin-Day, Week, Month, Year to a method isWithinDuration","messageBody":"","fileTypesAndContributionMap":{"java":{"insertions":30,"deletions":39}}}]},{"date":"2019-03-20","commitResults":[{"hash":"a6f6d6cc61e6e61af28bf0caa98a0ca2bcb70aa7","messageTitle":"Update UI Mockup","messageBody":"","fileTypesAndContributionMap":{}},{"hash":"11ff641bb0449088e54191e73cae7e859b5b029c","messageTitle":"Add ListExpenseCommandParserTest","messageBody":"","fileTypesAndContributionMap":{"java":{"insertions":58,"deletions":7}}}]},{"date":"2019-03-21","commitResults":[{"hash":"998171120b5ce1759fbfe301ad0f5923a811d884","messageTitle":"Remove unnecessary classes from AB4","messageBody":"","fileTypesAndContributionMap":{"java":{"insertions":0,"deletions":365}}},{"hash":"00bdd3be4561a9fd845c8f2b570c428023a8cdfb","messageTitle":"Add ViewTest, modify other tests","messageBody":"","fileTypesAndContributionMap":{"java":{"insertions":69,"deletions":6}}},{"hash":"3c202c288e52edd9eb2ddb57a7ada9990ef0b8a0","messageTitle":"Update import statements according to checkstyle error","messageBody":"","fileTypesAndContributionMap":{"java":{"insertions":1,"deletions":1}}},{"hash":"bb3fd7e39ffd3feb0a7d4034760a6be09a6c1ad1","messageTitle":"Add Occurrence and Frequency tests","messageBody":"","fileTypesAndContributionMap":{"java":{"insertions":50,"deletions":0}}},{"hash":"f7928970236b2ab8d20db3762718264e7170f082","messageTitle":"Add all card and list panel tests","messageBody":"","fileTypesAndContributionMap":{"java":{"insertions":613,"deletions":26}}}]},{"date":"2019-03-22","commitResults":[{"hash":"05bdcb75523a45a433c041708a7b2bd374712519","messageTitle":"Add shortcut commands","messageBody":"","fileTypesAndContributionMap":{"java":{"insertions":60,"deletions":16}}},{"hash":"d951c118e93f7fa18a911da0d1ec91578ec6118e","messageTitle":"Fix indentation errors","messageBody":"","fileTypesAndContributionMap":{"java":{"insertions":13,"deletions":13}}},{"hash":"4bb6c4140a5610d12422e20e628e6b0c1a3dbb48","messageTitle":"Add listing of debts command","messageBody":"","fileTypesAndContributionMap":{"java":{"insertions":153,"deletions":0}}},{"hash":"76b01f559995ff998f9b54f175f42ecd20c5a8ff","messageTitle":"Allow read and write to Json files for Budget, Recurring, Debt","messageBody":"","fileTypesAndContributionMap":{"java":{"insertions":406,"deletions":17},"json":{"insertions":236,"deletions":71}}},{"hash":"172a003817f612f31b9a258a193d53d050111de9","messageTitle":"Modify to display Budget, Recurring, Debt in Browser Panel","messageBody":"","fileTypesAndContributionMap":{"java":{"insertions":114,"deletions":18},"html":{"insertions":303,"deletions":4}}}]},{"date":"2019-03-24","commitResults":[{"hash":"d3a7d96b00435d511dad2c156ac7d3696f074975","messageTitle":"Add tests for ListDebt and ListRecurring, Update BrowserPanelTest","messageBody":"","fileTypesAndContributionMap":{"java":{"insertions":173,"deletions":4}}}]},{"date":"2019-03-25","commitResults":[{"hash":"833033cc43a0f8350fbff5a543ce36a69f7ddb96","messageTitle":"Fix BudgetTest and EditBudgetCommandTest","messageBody":"","fileTypesAndContributionMap":{"java":{"insertions":40,"deletions":26}}},{"hash":"fbad89292d4f645b480a65e384ea3d1d6a35d88c","messageTitle":"Update Developer\u0027s guide","messageBody":"","fileTypesAndContributionMap":{"adoc":{"insertions":18,"deletions":39}}},{"hash":"4b29af50869c19eabc8104e69a71119c13a3b4a9","messageTitle":"Update listing of Budget, Expense, Recurring","messageBody":"","fileTypesAndContributionMap":{"java":{"insertions":104,"deletions":25}}}]},{"date":"2019-03-26","commitResults":[{"hash":"bc65ed434a9b8ca2c4c4bb366b5736eb15d0ba9d","messageTitle":"Update Budget UI to display totalPercentageSpent and duration","messageBody":"","fileTypesAndContributionMap":{"fxml":{"insertions":2,"deletions":2},"java":{"insertions":81,"deletions":73}}},{"hash":"c3e05654c082ae4b56cd909b98e97e082ac18a82","messageTitle":"fix checkstyle error","messageBody":"","fileTypesAndContributionMap":{"java":{"insertions":29,"deletions":26}}}]},{"date":"2019-03-29","commitResults":[{"hash":"5d5fd66a60706b82fe94bbfc8d007ee548f79ec9","messageTitle":"Update ListDebt to be able to list debts a day/week/month/year within deadline","messageBody":"","fileTypesAndContributionMap":{"java":{"insertions":72,"deletions":7}}},{"hash":"21cd80db1f06cb738f5de2e007dd615e1e60854f","messageTitle":"Update Browser Panel and tests involving Browser Panel","messageBody":"","fileTypesAndContributionMap":{"gradle":{"insertions":1,"deletions":1},"java":{"insertions":144,"deletions":115}}},{"hash":"691b829cc62bea81c46d50dd4e34254943410ba1","messageTitle":"Update all html files that will be shown in Browser Panel","messageBody":"","fileTypesAndContributionMap":{"html":{"insertions":76,"deletions":385}}}]},{"date":"2019-03-30","commitResults":[{"hash":"41c6d55790d799bbebc3671a40fc1b34979d66c5","messageTitle":"Update alignment of html files","messageBody":"","fileTypesAndContributionMap":{"html":{"insertions":9,"deletions":9}}},{"hash":"c2a9c34f1ce036c39dfc23559d95a902843b559e","messageTitle":"Fix JSONSerializableFinanceTrackerTest error","messageBody":"","fileTypesAndContributionMap":{"java":{"insertions":4,"deletions":4},"json":{"insertions":24,"deletions":8}}},{"hash":"eb8f6d8e42bf708f3092d51cd67de52e06283d32","messageTitle":"Update DG and UG","messageBody":"","fileTypesAndContributionMap":{"gitignore":{"insertions":0,"deletions":2},"json":{"insertions":306,"deletions":0},"adoc":{"insertions":51,"deletions":45}}},{"hash":"30cf44a616b41c9841bb4872fe2ea42f5960ce0b","messageTitle":"Remove addressbook.json and update output log file\u0027s name to financetracker","messageBody":"","fileTypesAndContributionMap":{"java":{"insertions":1,"deletions":1},"json":{"insertions":0,"deletions":63}}},{"hash":"320b6cb0c6d086a0d80efbdc8a1be81d8d641846","messageTitle":"Add EOF line","messageBody":"","fileTypesAndContributionMap":{"json":{"insertions":1,"deletions":1}}},{"hash":"ff928c9ac867f8a0e3a43dbd45799615ddafae59","messageTitle":"Add EOF line","messageBody":"","fileTypesAndContributionMap":{"json":{"insertions":1,"deletions":1}}}]},{"date":"2019-03-31","commitResults":[{"hash":"fd1045eac807567bd74ecc5d861e261cd801f260","messageTitle":"Update Personal Portfolio Page","messageBody":"","fileTypesAndContributionMap":{"json":{"insertions":1,"deletions":1},"adoc":{"insertions":76,"deletions":7}}},{"hash":"ec90749dfc2bd758fdcc9178376cb332e84914ea","messageTitle":"Update UI and User Guide","messageBody":"","fileTypesAndContributionMap":{"fxml":{"insertions":4,"deletions":4},"css":{"insertions":17,"deletions":6},"adoc":{"insertions":1,"deletions":2},"html":{"insertions":4,"deletions":4}}},{"hash":"1ebb4f5a400bb6bb8b0ad568520bf5ab2fcc4d3e","messageTitle":"Update font weight on UI","messageBody":"","fileTypesAndContributionMap":{"css":{"insertions":1,"deletions":1}}},{"hash":"6f17ec8e602d532d66866b6941d208cf14018366","messageTitle":"Update font weight on UI","messageBody":"","fileTypesAndContributionMap":{"adoc":{"insertions":5,"deletions":5}}},{"hash":"295dab80bec2b98a4f3759967994e3c9000d7c42","messageTitle":"Update README.adoc","messageBody":"","fileTypesAndContributionMap":{"adoc":{"insertions":5,"deletions":5}}},{"hash":"4ebc31564a14e03ba96d3994e720c5bcbc9e6ff8","messageTitle":"Update Developer Guide","messageBody":"","fileTypesAndContributionMap":{"adoc":{"insertions":3,"deletions":4}}}]},{"date":"2019-04-01","commitResults":[{"hash":"d2fe935d3db08cc03c1ae7b8ab3bffce389430ed","messageTitle":"Update validation regex on Amount and Date","messageBody":"","fileTypesAndContributionMap":{"java":{"insertions":12,"deletions":11},"json":{"insertions":110,"deletions":190}}},{"hash":"fb31c76851b2bed6f713526093429aaa97f666e1","messageTitle":"Add EOF line to finance tracker.json","messageBody":"","fileTypesAndContributionMap":{"json":{"insertions":1,"deletions":1}}}]},{"date":"2019-04-02","commitResults":[{"hash":"bdfa8b0935e6a5eca9bf2e33cce6923ec3b9b2a2","messageTitle":"Update tests to be more extensive","messageBody":"","fileTypesAndContributionMap":{"java":{"insertions":154,"deletions":37}}},{"hash":"fa75cd70101110e8b82275f86273c86aed3a747d","messageTitle":"Update code to better code quality","messageBody":"","fileTypesAndContributionMap":{"java":{"insertions":40,"deletions":51},"json":{"insertions":1,"deletions":1}}},{"hash":"663a3a95b4b39578a31bcbed0e998c1a19a5a8ad","messageTitle":"Add EOF line to financetracker.json","messageBody":"","fileTypesAndContributionMap":{"json":{"insertions":1,"deletions":1}}},{"hash":"9996d813672f9974cfe91cd4d6a54f7b89cebbe7","messageTitle":"Add EOF line","messageBody":"","fileTypesAndContributionMap":{"json":{"insertions":1,"deletions":1}}},{"hash":"74742bcf46038e5aeb4524b7468e447c63df717e","messageTitle":"add eof line","messageBody":"","fileTypesAndContributionMap":{"json":{"insertions":1,"deletions":1}}}]},{"date":"2019-04-06","commitResults":[{"hash":"8e4f2667c3ca5d9f7cc515fcd0a67274f6de5dc5","messageTitle":"Update user guide based on discrepancies found in mock test","messageBody":"","fileTypesAndContributionMap":{"adoc":{"insertions":6,"deletions":6}}},{"hash":"d6b77aedbe905045ed5efb01488adbc1d1f7630d","messageTitle":"Add check to not allow repeated prefixes in all add and edit commands","messageBody":"","fileTypesAndContributionMap":{"java":{"insertions":119,"deletions":0}}},{"hash":"704d56ca47d1981769a66860576e33720c86829d","messageTitle":"Remove checkstyle error","messageBody":"","fileTypesAndContributionMap":{"java":{"insertions":0,"deletions":1}}},{"hash":"b6974368154fa5bf18dcbbe4913892dd364c1de5","messageTitle":"Update parser tests on enforcement for repeated prefixes","messageBody":"","fileTypesAndContributionMap":{"java":{"insertions":76,"deletions":149},"adoc":{"insertions":1,"deletions":0}}}]},{"date":"2019-04-08","commitResults":[{"hash":"834d3980974256c3509b7b6691070048ea545d03","messageTitle":"Add new entries for SampleDataUtil","messageBody":"","fileTypesAndContributionMap":{"java":{"insertions":50,"deletions":7}}},{"hash":"c00b4a8384158b568e5881608c33cde73b12ff45","messageTitle":"Fix travis error","messageBody":"","fileTypesAndContributionMap":{"java":{"insertions":4,"deletions":4}}},{"hash":"226f2e9242f4caa97f505e7fab9283ca12015b87","messageTitle":"Update extensiveness of tests","messageBody":"","fileTypesAndContributionMap":{"java":{"insertions":49,"deletions":13}}}]},{"date":"2019-04-09","commitResults":[{"hash":"f29b2402bf3e75d9b2fa9c6e7c385f3853cdfa85","messageTitle":"Update Developer Guide and PPP","messageBody":"","fileTypesAndContributionMap":{"json":{"insertions":4,"deletions":5},"adoc":{"insertions":6,"deletions":7}}},{"hash":"54155639d41a336731cd29f3d0aae0dc90088fb9","messageTitle":"Add new demodata for demo","messageBody":"","fileTypesAndContributionMap":{"json":{"insertions":235,"deletions":0}}},{"hash":"6ff47793a4be14e4337978c185a8cdf56e469df8","messageTitle":"Update financetracker.json","messageBody":"","fileTypesAndContributionMap":{"json":{"insertions":217,"deletions":14}}},{"hash":"25c59e160656a7b31cb1514fc68918f914dc268e","messageTitle":"Update ListExpenseSequenceDiagram","messageBody":"","fileTypesAndContributionMap":{}},{"hash":"039dd564fa14ebce00247b68b89ff366f8334c10","messageTitle":"Add EOF line in demo data.json","messageBody":"","fileTypesAndContributionMap":{"json":{"insertions":1,"deletions":1}}},{"hash":"aac8c508957e94b50b3159997c080136923188b6","messageTitle":"Update ListExpenseSequenceDiagram","messageBody":"","fileTypesAndContributionMap":{}},{"hash":"6472119e5f65d19ac54241f2905c91485d5b2a4f","messageTitle":"Add EOF line","messageBody":"","fileTypesAndContributionMap":{"json":{"insertions":2,"deletions":2}}}]},{"date":"2019-04-10","commitResults":[{"hash":"b467c1e9c232be3a7a9c7f2d059cf7e8acd17455","messageTitle":"Update DeveloperGuide based on comments","messageBody":"","fileTypesAndContributionMap":{"adoc":{"insertions":5,"deletions":18}}},{"hash":"73dc529f2d66135fb1456a20343c72a025ef3349","messageTitle":"Add portfolio links","messageBody":"","fileTypesAndContributionMap":{"adoc":{"insertions":5,"deletions":5}}},{"hash":"3d788e8feb16909029e9bb556596ed41adab4fd2","messageTitle":"Fix typo in AboutUs.Adoc","messageBody":"","fileTypesAndContributionMap":{"adoc":{"insertions":1,"deletions":1}}}]},{"date":"2019-04-12","commitResults":[{"hash":"b2f838e0ba57c47a3e6f0bee3926c57e567265bb","messageTitle":"Update UG, DG and PPP","messageBody":"","fileTypesAndContributionMap":{"adoc":{"insertions":24,"deletions":2}}},{"hash":"459d9255e26e76c5677db256836b1db712426954","messageTitle":"Update Select Commands","messageBody":"","fileTypesAndContributionMap":{"java":{"insertions":11,"deletions":8}}},{"hash":"a56b1c56f9bd21c6b23d224474c3fcb37b6d2b21","messageTitle":"Update application icon","messageBody":"","fileTypesAndContributionMap":{"fxml":{"insertions":1,"deletions":1}}},{"hash":"58c8514fb77a90de5e417906501329180bd038bb","messageTitle":"Update mistakes in UG, DG and PPP","messageBody":"","fileTypesAndContributionMap":{"adoc":{"insertions":27,"deletions":28}}},{"hash":"ca3dd3d8673bc1df7c126d6b1a9a0a31149e90e3","messageTitle":"Refactor names of variables and remove magic numbers","messageBody":"","fileTypesAndContributionMap":{"java":{"insertions":53,"deletions":35}}},{"hash":"3527215026fdeb41f183bd168485a26d62e32b46","messageTitle":"Update UI.png with the latest icon","messageBody":"","fileTypesAndContributionMap":{}},{"hash":"48fa3f4ce7d94854db9e8df360b5ea4feb5dab83","messageTitle":"Update documentation in PPP, AboutUs and DG","messageBody":"","fileTypesAndContributionMap":{"adoc":{"insertions":11,"deletions":5}}}]},{"date":"2019-04-14","commitResults":[{"hash":"38205f898467bd1c8d280cd258ba725a94100073","messageTitle":"Update PPP","messageBody":"","fileTypesAndContributionMap":{"adoc":{"insertions":4,"deletions":3}}},{"hash":"1be158bc9bc12fb7305583776aa1bf7ed1637ac0","messageTitle":"Remove typo","messageBody":"","fileTypesAndContributionMap":{"adoc":{"insertions":1,"deletions":1}}}]},{"date":"2019-04-15","commitResults":[{"hash":"04e8216d165fa08dd646f0d3e5e9ec429d875c6a","messageTitle":"Fix DG errors","messageBody":"","fileTypesAndContributionMap":{"adoc":{"insertions":5,"deletions":2}}}]}]},"authorFileTypeContributionMap":{"jamessspanggg":{"adoc":255,"yml":1,"json":570,"java":4446,"fxml":181,"css":28,"html":88}},"authorContributionVariance":{"jamessspanggg":99585.555},"authorDisplayNameMap":{"jamessspanggg":"James Pang"}}
