{"authorDailyContributionsMap":{"jamessspanggg":[{"date":"2020-04-16","commitResults":[{"hash":"a02baa3d9d265b34d0a9ef5ae32795dcf46204be","messageTitle":"Modify README.md","messageBody":"","fileTypesAndContributionMap":{"md":{"insertions":15,"deletions":51}}},{"hash":"d2e75f8ead94b94cf8df28b47dd6a54da4374edb","messageTitle":"Remove unnecessary content","messageBody":"","fileTypesAndContributionMap":{"txt":{"insertions":0,"deletions":3},"json":{"insertions":0,"deletions":25},"html":{"insertions":0,"deletions":43}}},{"hash":"b0d92918b2d95d77881f70873f9d654e8cc975ef","messageTitle":"Fix typo","messageBody":"","fileTypesAndContributionMap":{"md":{"insertions":2,"deletions":2}}}]},{"date":"2020-04-25","commitResults":[{"hash":"67d178ef6d2470adb350ba74e89fa1a4f6131bf0","messageTitle":"Add next export instructions","messageBody":"","fileTypesAndContributionMap":{"md":{"insertions":4,"deletions":0},"json":{"insertions":2,"deletions":1}}}]},{"date":"2020-05-06","commitResults":[{"hash":"c91dc2c473e6b3e399a108ac142ed8e1e850ef46","messageTitle":"add issue templates (#9)","messageBody":"","fileTypesAndContributionMap":{"md":{"insertions":100,"deletions":0}}},{"hash":"d9cda12e37f2d3dce24a7de626c79e19a224c296","messageTitle":"Add prettier code formatter (#10)","messageBody":"* add prettier support\r\n\r\n* add extra options\r\n\r\n* modify readme\r\n\r\n* set print width to 120 chars","fileTypesAndContributionMap":{"md":{"insertions":8,"deletions":0},"json":{"insertions":22,"deletions":1},"js":{"insertions":2,"deletions":2}}}]},{"date":"2020-05-07","commitResults":[{"hash":"0c256292ad26a9762934c3cb5b93cdab5a02b83b","messageTitle":"add cloudinary dependencies (#77)","messageBody":"","fileTypesAndContributionMap":{"json":{"insertions":15,"deletions":0}}}]},{"date":"2020-05-20","commitResults":[{"hash":"f920bd5f03d752ab2a12d423a8dc11c25ecd061c","messageTitle":"Fix missing input field border (#102)","messageBody":"* set -webkit-appearance to none\r\n\r\nCo-authored-by: Marcus Koh \u003ckohchihao@gmail.com\u003e","fileTypesAndContributionMap":{"js":{"insertions":1,"deletions":0}}},{"hash":"de2caec47a33c9bd84175dee869035ee76cf0baa","messageTitle":"Create MIT License (#78)","messageBody":"Co-authored-by: Marcus Koh \u003ckohchihao@gmail.com\u003e","fileTypesAndContributionMap":{"LICENSE":{"insertions":21,"deletions":0}}},{"hash":"a059ebfb423bbb622c430a204dcf1a1eeffd27be","messageTitle":"Home page (#94)","messageBody":"* add basic structure of home page\r\n\r\n* remove ignore of public/\r\n\r\n* add banner image\r\n\r\n* Add top categories structure\r\n\r\n* Add images to categories\r\n\r\n* Read categories from firestore\r\n\r\n* Add wishes home page\r\n\r\n* Separate home page into donation and wish","fileTypesAndContributionMap":{"babelrc":{"insertions":1,"deletions":1},"gitignore":{"insertions":0,"deletions":3},"js":{"insertions":1451,"deletions":7}}}]},{"date":"2020-05-23","commitResults":[{"hash":"105065996423bf78cabeb6494b0c9ea6502569b0","messageTitle":"Add view categories page (wishes) (#108)","messageBody":"* Add basic structure of view category page (wishes)\r\n\r\n* Add handling of see more button\r\n\r\n* Add loading animation on button and allow filter to be restorable after reloading\r\n\r\n* Add infinite scroll for mobile and refactor code\r\n\r\n* Add error handling for invalid category ids","fileTypesAndContributionMap":{"json":{"insertions":9,"deletions":0},"js":{"insertions":491,"deletions":7}}}]},{"date":"2020-05-25","commitResults":[{"hash":"c84e8e5d65a24a46daf8a1573a07790e2a3c1205","messageTitle":"Minor UI fixes (#113)","messageBody":"* Modify search bar\r\n\r\n* Use badge for tags\r\n\r\n* Increase padding for wish card\r\n\r\n* Add type prop to categories component\r\n\r\n* Remove redundant styled component\r\n\r\n* Set max number of lines for titles and description","fileTypesAndContributionMap":{"js":{"insertions":41,"deletions":48}}}]},{"date":"2020-05-26","commitResults":[{"hash":"b578ffb546c75e5ff2adcf6856203e604d34fefc","messageTitle":"Set category tags to wrap when overflow (#115)","messageBody":"* Modify search bar\r\n\r\n* Use badge for tags\r\n\r\n* Increase padding for wish card\r\n\r\n* Add type prop to categories component\r\n\r\n* Remove redundant styled component\r\n\r\n* Set max number of lines for titles and description\r\n\r\n* Add wrapping for category tags\r\n\r\n* Remove redundant console log","fileTypesAndContributionMap":{"js":{"insertions":10,"deletions":5}}},{"hash":"8b0fa94d4252b15074b272d53e3abdbc8665710f","messageTitle":"Optimise loading of home page (#119)","messageBody":"- Represent each top category and it\u0027s wishes as separate states\r\n- Allow three requests to get wishes for top categories to be run in parallel\r\n- Decreased size of wishes banner (61kb) and donations banner (82kb)","fileTypesAndContributionMap":{"js":{"insertions":65,"deletions":61}}}]},{"date":"2020-05-28","commitResults":[{"hash":"d6e1f504e0591de2918062c67745dfa841a275c8","messageTitle":"Fix error for non unique keys for Tags component (#127)","messageBody":"","fileTypesAndContributionMap":{"js":{"insertions":18,"deletions":7}}}]},{"date":"2020-05-29","commitResults":[{"hash":"bec356efcda64c3313bf09762cb7eea5ee297f70","messageTitle":"Add category to view all wishes (#116)","messageBody":"* Add view all wishes\r\n\r\n* Update to use wishId\r\n\r\n* update comment\r\n\r\n* add wishId prop","fileTypesAndContributionMap":{"js":{"insertions":275,"deletions":6}}},{"hash":"6a170cf1458ffc88706a76c1e92fa1949eafb067","messageTitle":"Fix broken link in top wishes card (#128)","messageBody":"","fileTypesAndContributionMap":{"js":{"insertions":1,"deletions":1}}}]},{"date":"2020-05-31","commitResults":[{"hash":"bf17f4729e5ebcfe9147a29654087ea9876cfdf3","messageTitle":"use Promise.all for consecutive async functions that are not dependent (#136)","messageBody":"","fileTypesAndContributionMap":{"js":{"insertions":6,"deletions":6}}}]},{"date":"2020-06-01","commitResults":[{"hash":"ecd99df8b9e848a2305171f2716b480c3dfb7a38","messageTitle":"Refactor wishes pagination (#131)","messageBody":"Co-authored-by: Marcus Koh \u003ckohchihao@gmail.com\u003e","fileTypesAndContributionMap":{"js":{"insertions":31,"deletions":33}}},{"hash":"822ed95d82cc38d68426f0907ee7be17bad26b4d","messageTitle":"UI Fixes (#137)","messageBody":"* Add padding for wish card\r\n\r\n* increase left and right paddings in donation card\r\n\r\n* Modify time ago format\r\n\r\nCo-authored-by: Marcus Koh \u003ckohchihao@gmail.com\u003e","fileTypesAndContributionMap":{"js":{"insertions":25,"deletions":4}}}]},{"date":"2020-06-04","commitResults":[{"hash":"3b5e6eb1d75b22edcdcf82308112d2e96116a0e1","messageTitle":"Add view category pages for donations (#130)","messageBody":"* Install axios\r\n\r\n* Add DonationsAPI Implementation\r\n\r\n* TopDonations.js: Update to use api call\r\n\r\n* DonationAPI: Minor Fixes\r\n\r\n* Remove dummyData\r\n\r\n* Optimise the loading of donations\r\n\r\n* DonationsAPI: Change all category name to category id\r\n\r\n* Install uuid\r\n\r\n* DonationsAPI: Change upload image name\r\n\r\n* DonationsAPI: Change update() to take image name from firebase storage\r\n\r\n* DonationsAPI: Optimize update() function\r\n\r\n* DonationsAPI: Optimize create() function\r\n\r\n* DonationsAPI: Optimize create() function\r\n\r\n* Optimize complete() function\r\n\r\n* DonationsAPI: Refractor variable names\r\n\r\n* Add view categories for donations\r\n\r\n* Refactor pagination\r\n\r\n* Refactor based on comments\r\n\r\nCo-authored-by: Jin Ying \u003ckenneth.jyt@gmail.com\u003e","fileTypesAndContributionMap":{"js":{"insertions":593,"deletions":6}}},{"hash":"a996181f793f037f1a6e4076e3643a08105ca6ea","messageTitle":"Fix resizing of avatar (#147)","messageBody":"","fileTypesAndContributionMap":{"js":{"insertions":1,"deletions":0}}}]},{"date":"2020-06-06","commitResults":[{"hash":"f6de54b0cf1e25cf23306f827896be33fcb6449b","messageTitle":"Let loading animation continue until page changes (#153)","messageBody":"Co-authored-by: Marcus Koh \u003ckohchihao@gmail.com\u003e","fileTypesAndContributionMap":{"js":{"insertions":0,"deletions":6}}},{"hash":"3b4576b08dbd1469cac8f407f464c9c3d20bbc3a","messageTitle":"Fix shallow routing mistake (#154)","messageBody":"","fileTypesAndContributionMap":{"js":{"insertions":2,"deletions":2}}}]},{"date":"2020-06-07","commitResults":[{"hash":"b6f07f97f81c17255fccfc6fbce162486d258b9c","messageTitle":"Add edit profile for donors (#152)","messageBody":"* Add edit profile for donors","fileTypesAndContributionMap":{"gitkeep":{"insertions":0,"deletions":0},"js":{"insertions":207,"deletions":1}}},{"hash":"12f869aad200469a9d208995f14790177bac6e00","messageTitle":"Add donor profile (#144)","messageBody":"* Add donor profile page\r\n\r\n* Reuse components\r\n\r\n* Add donation post status tag","fileTypesAndContributionMap":{"js":{"insertions":375,"deletions":16}}}]},{"date":"2020-06-10","commitResults":[{"hash":"03a6df4f699a193cab40446cb3b37212da7b60a6","messageTitle":"Update Banner UI (#158)","messageBody":"* Store banner images on cloudinary\r\n\r\n* Add basic structure of updated banner\r\n\r\n* Add pointer cursor for banner image\r\n\r\n* Fix black color banner background issue\r\n\r\n* Fix issue with not swiping at first load\r\n\r\n* Reuse carousel scroll button\r\n\r\n* Change swipe interval to 3 seconds\r\n\r\n* Add searchbar on top left of navbar\r\n\r\n* Remove unused code\r\n\r\nCo-authored-by: Marcus Koh \u003ckohchihao@gmail.com\u003e","fileTypesAndContributionMap":{"json":{"insertions":24,"deletions":0},"js":{"insertions":148,"deletions":83}}},{"hash":"d5a0d2327490e25a16f5d7d002b875b479fac290","messageTitle":"Use org name and npo profile image in wish card (#155)","messageBody":"Co-authored-by: Marcus Koh \u003ckohchihao@gmail.com\u003e","fileTypesAndContributionMap":{"js":{"insertions":2,"deletions":1}}},{"hash":"af5fdea0ce152fd23ac1a10c46da17d4688edd65","messageTitle":"Add missing valid period (#159)","messageBody":"Co-authored-by: Marcus Koh \u003ckohchihao@gmail.com\u003e","fileTypesAndContributionMap":{"js":{"insertions":6,"deletions":1}}}]},{"date":"2020-06-11","commitResults":[{"hash":"243174f9ce8b53aa35bed0f7c778cebec4337f06","messageTitle":"Add missing valid period in donor past donations (#163)","messageBody":"Co-authored-by: Marcus Koh \u003ckohchihao@gmail.com\u003e","fileTypesAndContributionMap":{"js":{"insertions":5,"deletions":0}}}]},{"date":"2020-06-19","commitResults":[{"hash":"4deb6a6e9e7dc3691eb1cbd5bd5953215deaa9e2","messageTitle":"Disable chat button when post and user is same type (#169)","messageBody":"","fileTypesAndContributionMap":{"js":{"insertions":22,"deletions":3}}}]},{"date":"2020-07-19","commitResults":[{"hash":"f52b3d39fd1812c3e52ea834c680c01660a9c9d6","messageTitle":"Add basic chat features (#165)","messageBody":"* Add basic ui of chat with dummy data\r\n\r\n* Add handling of chats in mobile devices\r\n\r\n* Add support for chat images\r\n\r\n* Add ui for calendar type message\r\n\r\n* Integrate chat apis to front end\r\n\r\n* Add sending images and calendars using api\r\n\r\n* Add infinite scroller that loads previous messages\r\n\r\n* Add infinite scroller for list of chats to load more\r\n\r\n* Add complete post functionality\r\n\r\n* Add unread count on list of chats\r\n\r\n* Add enter to send messages\r\n\r\n* Add scrolling to bottom when message sent by logged in user\r\n\r\n* Add border for selected chat\r\n\r\n* Disable complete button when post has already completed\r\n\r\n* Add simple post status on chat\r\n\r\n* Add basic new chat tips\r\n\r\n* Allow selected chats to be restorable after refresh page\r\n\r\n* Add appreciation message modal\r\n\r\n* Only allow jpeg, jpg and png upload in chat\r\n\r\n* Use react-linkify to detect links in chat\r\n\r\n* impose 25mb limit on file upload in chat\r\n\r\n* Add confirm completion modal\r\n\r\n* Add newline for appreciation message and handle multiline chat messages\r\n\r\n* Add autoresized text area and dynamically calculate input row","fileTypesAndContributionMap":{"json":{"insertions":97,"deletions":0},"js":{"insertions":2204,"deletions":27}}},{"hash":"60e383479cc11c7de494c676ab6737a071adc118","messageTitle":"Remove desktop conditional property (#187)","messageBody":"Co-authored-by: Marcus Koh \u003ckohchihao@gmail.com\u003e","fileTypesAndContributionMap":{"js":{"insertions":1,"deletions":1}}}]},{"date":"2020-07-20","commitResults":[{"hash":"e346a39a02139b2ff2e269e41fce663d10b7e0a0","messageTitle":"Potential fix for iphone auto zoom in (#189)","messageBody":"","fileTypesAndContributionMap":{"js":{"insertions":10,"deletions":0}}},{"hash":"b176191c8da4d7f01912d0c4ca48e5facae0c875","messageTitle":"Fix overflow of chat message (#190)","messageBody":"","fileTypesAndContributionMap":{"js":{"insertions":1,"deletions":0}}},{"hash":"c2bf0d4d639ecf858aaccfe0d357f85f3564ab20","messageTitle":"Focus textarea after clicking send button (#191)","messageBody":"Co-authored-by: Marcus Koh \u003ckohchihao@gmail.com\u003e","fileTypesAndContributionMap":{"js":{"insertions":4,"deletions":1}}},{"hash":"666d57c2ed948c69d2c8e1e6c42b5fcac019128e","messageTitle":"Only scroll to bottom if it is a newly sent msg by logged in user (#193)","messageBody":"","fileTypesAndContributionMap":{"js":{"insertions":6,"deletions":2}}},{"hash":"8e57b9f43e30804e992f86b0c9622c8938ad48cd","messageTitle":"Prevent images in chat to be longer than viewport height (#192)","messageBody":"","fileTypesAndContributionMap":{"js":{"insertions":67,"deletions":17}}},{"hash":"d4734e05d17853fd85e06d4b39377c59200c0fba","messageTitle":"Add missing return key word (#194)","messageBody":"","fileTypesAndContributionMap":{"js":{"insertions":1,"deletions":1}}},{"hash":"4c5587d02e2a6077da8f2ff050c75ce0ac05359b","messageTitle":"Remove using window.innerHeight (#196)","messageBody":"","fileTypesAndContributionMap":{"js":{"insertions":19,"deletions":52}}},{"hash":"fc255beb917f7d633c2fb5641b844cbcf498245a","messageTitle":"Remove smooth scrolling in scrollIntoView (#195)","messageBody":"","fileTypesAndContributionMap":{"js":{"insertions":1,"deletions":1}}}]},{"date":"2020-07-21","commitResults":[{"hash":"feb288c2fc7ca070e4f80267bde6858015282b67","messageTitle":"Remove textarea autofocus in mobile and tablet (#199)","messageBody":"* Remove autofocus in textarea when mobile or tablet\r\n\r\n* Fix media query mistake","fileTypesAndContributionMap":{"js":{"insertions":3,"deletions":1}}}]},{"date":"2020-07-22","commitResults":[{"hash":"e3755e0f693dd6c6a3be10a8a67cd77fa2190ff5","messageTitle":"Chat fixes (#202)","messageBody":"* Add scroll to bottom of chat dialog when mounted\r\n\r\n* Overwrite and use custom react-infinite-scroller\r\n\r\n* Add new line support for mobile return key\r\n\r\n* Utilise react-stay-scrolled to scroll to bottom of messages and maintain scroll position\r\n\r\n* Fix issue of scrollerRef when creating new chat\r\n\r\n* Add credits to infinite scroller\r\n\r\n* Modify infinite scroller","fileTypesAndContributionMap":{"json":{"insertions":24,"deletions":9},"js":{"insertions":288,"deletions":13}}},{"hash":"9350e49f46301e4a1f2266838db8b2a93893482b","messageTitle":"Use objectID instead of donationID (#203)","messageBody":"","fileTypesAndContributionMap":{"js":{"insertions":3,"deletions":3}}}]},{"date":"2020-07-23","commitResults":[{"hash":"a23fbae8d647d3ee497ca4bf57bbe36a8596584f","messageTitle":"Fix white space in safari ios chat (#206)","messageBody":"","fileTypesAndContributionMap":{"js":{"insertions":10,"deletions":0}}}]},{"date":"2020-07-24","commitResults":[{"hash":"94fc01237606a6eece9530759467c30579dda28f","messageTitle":"Make height of chat page exactly fit into mobile (#205)","messageBody":"* Make height of chat page exactly fit into mobile\r\n\r\n* Switch to use arrow functions\r\n\r\nCo-authored-by: Marcus Koh \u003ckohchihao@gmail.com\u003e","fileTypesAndContributionMap":{"js":{"insertions":42,"deletions":13}}},{"hash":"8a84d1e8bf743e42eac576a228388f08e56c3deb","messageTitle":"Remove react-stay-scrolled package (#207)","messageBody":"","fileTypesAndContributionMap":{"json":{"insertions":0,"deletions":10},"js":{"insertions":5,"deletions":7}}}]},{"date":"2020-07-26","commitResults":[{"hash":"d52e241998fbefff0f6ade48e86a01aaab854335","messageTitle":"Fix bug with safari scroller in chat messages (#212)","messageBody":"","fileTypesAndContributionMap":{"js":{"insertions":6,"deletions":4}}}]},{"date":"2020-07-27","commitResults":[{"hash":"8afde6d7f4f3702984366b87a4a972c4db85916c","messageTitle":"Use shallow routing and remove re-routing when select chat (#209)","messageBody":"","fileTypesAndContributionMap":{"js":{"insertions":51,"deletions":127}}},{"hash":"b553d83acfc1be0ca4a508dfb14915dcf85a49d8","messageTitle":"Add button to conditionally show chat post details (#214)","messageBody":"","fileTypesAndContributionMap":{"js":{"insertions":66,"deletions":29}}},{"hash":"baaf3458d33dbf9bdba6217d88e36606c9caff6b","messageTitle":"Add system generatedmessage and logistics api (#213)","messageBody":"Co-authored-by: Marcus Koh \u003ckohchihao@gmail.com\u003e","fileTypesAndContributionMap":{"js":{"insertions":46,"deletions":1}}},{"hash":"a10517eb3019e6528a961e97afbdbc53f0138d16","messageTitle":"Add handling of back and forward button (#215)","messageBody":"Co-authored-by: Marcus Koh \u003ckohchihao@gmail.com\u003e","fileTypesAndContributionMap":{"js":{"insertions":21,"deletions":0}}}]},{"date":"2020-07-28","commitResults":[{"hash":"7c93d24bf799c48bd5da0e1eba827aeff90d1a72","messageTitle":"Handle chat when user is not email verified and chatting for a same type of post (#216)","messageBody":"","fileTypesAndContributionMap":{"js":{"insertions":24,"deletions":2}}},{"hash":"da17a23b1bd7b88fd738063987eae82c7cfe8c3a","messageTitle":"Only allow upload of jpeg, jpg and png for donation card (#218)","messageBody":"","fileTypesAndContributionMap":{"js":{"insertions":1,"deletions":1}}}]},{"date":"2020-07-29","commitResults":[{"hash":"9b6eb27239d37769eac488819040c40589ec4785","messageTitle":"Modify dimensions field in donation card (#219)","messageBody":"* Add 140 char limit to dimension and wordbreak property\r\n\r\n* Add help prompt in dimensions input","fileTypesAndContributionMap":{"js":{"insertions":9,"deletions":2}}},{"hash":"ac425799952d402733f53168bf416254a1229903","messageTitle":"Add word break to all cards and post details (#217)","messageBody":"","fileTypesAndContributionMap":{"js":{"insertions":68,"deletions":10}}}]},{"date":"2020-08-02","commitResults":[{"hash":"d6967f4b382311a915f7ec7a95a26b3cd04558fa","messageTitle":"Fix chat already exists error after sending first text msg (#226)","messageBody":"","fileTypesAndContributionMap":{"js":{"insertions":1,"deletions":0}}},{"hash":"9af8e09de998be99c31a369830a50a97a782c6ac","messageTitle":"Reword others reason placeholder (#228)","messageBody":"","fileTypesAndContributionMap":{"js":{"insertions":1,"deletions":1}}}]},{"date":"2020-08-03","commitResults":[{"hash":"592456b449940e248233cee087f14b30e5e9ff6f","messageTitle":"Remove usage of reviews and ratings, while retaining the components in case future we need to use (#224)","messageBody":"","fileTypesAndContributionMap":{"js":{"insertions":11,"deletions":73}}},{"hash":"a5a952c22f2c09f70c79961afa1b428706c4d387","messageTitle":"Remove distance in card header (#235)","messageBody":"","fileTypesAndContributionMap":{"js":{"insertions":3,"deletions":4}}},{"hash":"3743d76960bba04efff0263ad5feae76f92ccf7c","messageTitle":"Use dynamic import for footers (#238)","messageBody":"","fileTypesAndContributionMap":{"js":{"insertions":14,"deletions":14}}}]},{"date":"2020-08-10","commitResults":[{"hash":"b8868d09457b9df7ea3d0d36ac84231064c6ce0a","messageTitle":"Add profile page links to all avatar details (#249)","messageBody":"* Add profile page links to card avatar details\r\n\r\n* Add profile page link to chat avatar details\r\n\r\n* Add profile page link to post details\u0027 avatar details","fileTypesAndContributionMap":{"js":{"insertions":105,"deletions":16}}},{"hash":"5091051173ddcfd59aaabec9d2d8027258a78b98","messageTitle":"Reword profile panel header (#248)","messageBody":"","fileTypesAndContributionMap":{"js":{"insertions":1,"deletions":1}}},{"hash":"344dd2b386e879346931b5692063cdd06d671511","messageTitle":"Allow multiline description for posts (#250)","messageBody":"","fileTypesAndContributionMap":{"js":{"insertions":15,"deletions":5}}},{"hash":"97e81682d9531067363d1d1a83f4d88707a74faf","messageTitle":"Chat view post section changes (#251)","messageBody":"* Allow view post section to be clickable\r\n\r\n* Darken color of see post button","fileTypesAndContributionMap":{"js":{"insertions":15,"deletions":5}}},{"hash":"606a34d797c54c93bb39904bceb4325b5ab3a3e1","messageTitle":"Disable login and register buttons appropriately (#253)","messageBody":"* Disallow login button when logging in the other way\r\n\r\n* Disable other register button when registering","fileTypesAndContributionMap":{"js":{"insertions":11,"deletions":2}}},{"hash":"b4682b41a5eeeebe838209458957bebc0930bbbe","messageTitle":"Fix for chat messages with weird order (#254)","messageBody":"* Potential fix for chat messages with weird order\r\n\r\n* Add console.log to debug if it hits the condition\r\n\r\n* Reorder console.log\r\n\r\n* Reorganise code\r\n\r\n* Add comments to the updateChatMessages callback\r\n\r\nCo-authored-by: Marcus Koh \u003ckohchihao@gmail.com\u003e","fileTypesAndContributionMap":{"js":{"insertions":23,"deletions":3}}}]},{"date":"2020-08-12","commitResults":[{"hash":"9b9dcedfc99dbbf33a292f0c093c165cac132646","messageTitle":"Remove delivery cost message in see post row (#277)","messageBody":"Co-authored-by: Tan Jin Ying \u003ckenneth.jyt@gmail.com\u003e","fileTypesAndContributionMap":{"js":{"insertions":2,"deletions":5}}},{"hash":"3a28454aa2ed24788d79aec84d6f44b389542455","messageTitle":"Reword confirm completion message (#278)","messageBody":"* Reword ocmfirm completion message\r\n\r\n* Reword description\r\n\r\nCo-authored-by: Marcus Koh \u003ckohchihao@gmail.com\u003e\r\nCo-authored-by: Tan Jin Ying \u003ckenneth.jyt@gmail.com\u003e","fileTypesAndContributionMap":{"js":{"insertions":4,"deletions":1}}},{"hash":"026c29996f9ab97378b7a0fff0feb941b26e62c4","messageTitle":"Fix chat issues (#247)","messageBody":"* Modify message section keys to not use index and prevent loadMore from calling concurrently\r\n\r\n* Add check to prevent load more even though hasMore is false\r\n\r\n* Handle adjusting of scrollTop value when loaded more items (Safari)\r\n\r\nCo-authored-by: Marcus Koh \u003ckohchihao@gmail.com\u003e","fileTypesAndContributionMap":{"js":{"insertions":19,"deletions":7}}}]},{"date":"2020-08-19","commitResults":[{"hash":"d1f54cc7d30619608bd8d4c94ec15d147ddd416e","messageTitle":"Use correct userId field for preview panels (#297)","messageBody":"Co-authored-by: Marcus Koh \u003ckohchihao@gmail.com\u003e","fileTypesAndContributionMap":{"js":{"insertions":3,"deletions":1}}}]},{"date":"2020-08-25","commitResults":[{"hash":"5c245970fd759d332489d397ddca79e2680b6017","messageTitle":"Impose 25mb upload limit (#299)","messageBody":"* Impose 25mb limit to create donation and display error alerts\r\n\r\n* Add file size limit for npo and donor edit profile page\r\n\r\n* Refactor file size limit as constant\r\n\r\nCo-authored-by: Marcus Koh \u003ckohchihao@gmail.com\u003e","fileTypesAndContributionMap":{"js":{"insertions":79,"deletions":25}}}]},{"date":"2020-08-29","commitResults":[{"hash":"02734e34988bce59a5b91de463fa873a144f03dd","messageTitle":"Remove bell notification icon (#318)","messageBody":"","fileTypesAndContributionMap":{"js":{"insertions":3,"deletions":3}}},{"hash":"72de3f51f7135468fd5d6e813a21e1ac647cc85d","messageTitle":"Link how you can write better wishes (#319)","messageBody":"","fileTypesAndContributionMap":{"js":{"insertions":3,"deletions":1}}},{"hash":"a8c8377340426191cf859c7ff73c5ca11c4944d5","messageTitle":"Add close wish reasons (#310)","messageBody":"","fileTypesAndContributionMap":{"js":{"insertions":4,"deletions":4}}}]},{"date":"2020-08-30","commitResults":[{"hash":"907a9125b97d0a4e97651120c10227f2022229cd","messageTitle":"Use React Context and useReducer for shared props in Chat (#302)","messageBody":"","fileTypesAndContributionMap":{"js":{"insertions":283,"deletions":232}}}]},{"date":"2020-08-31","commitResults":[{"hash":"a98bb845120d9c148d66b055f320834fb2999067","messageTitle":"Add contact us page (#320)","messageBody":"* Add first draft for contact us page\r\n\r\n* Add google form link","fileTypesAndContributionMap":{"js":{"insertions":104,"deletions":0}}},{"hash":"4b64af6a7a45509c0cfcc89475e1082e61c7f6ae","messageTitle":"Add message when empty list of chats (#311)","messageBody":"","fileTypesAndContributionMap":{"js":{"insertions":32,"deletions":15}}},{"hash":"11984f45809573bc131765d8b496bb4d6f4cab15","messageTitle":"Add scroll to bottom button in chat page (#290)","messageBody":"* Add scroll to bottom button in chat page\r\n\r\n* Add smooth scroll behavior","fileTypesAndContributionMap":{"js":{"insertions":101,"deletions":2}}}]},{"date":"2020-09-04","commitResults":[{"hash":"3c933daa11816354a9c46836405fd0879a8fb2a4","messageTitle":"Add chat notification unread count bubbles","messageBody":"","fileTypesAndContributionMap":{"js":{"insertions":52,"deletions":8}}}]},{"date":"2020-09-06","commitResults":[{"hash":"281ed806e842d88616a135899df8e144895e3780","messageTitle":"Add pre tag to bumpable wish card description (#333)","messageBody":"","fileTypesAndContributionMap":{"js":{"insertions":3,"deletions":1}}},{"hash":"31b7c59400f774624f4c2618c2ac185abd3584d4","messageTitle":"Upgrade next to 9.5, add all public env vars with NEXT_PUBLIC_ (#332)","messageBody":"* Upgrade next to 9.5, add all public env vars with NEXT_PUBLIC_\r\n\r\n* Add missing env\r\n\r\n* Update algolia to new env\r\n\r\n* Update yml file with new env names\r\n\r\n* Fix searchbar for nextjs 9.5\r\n\r\n* Add default imageUrl\r\n\r\n* Update to latest next@9.5.3\r\n\r\nCo-authored-by: Marcus Koh \u003ckohchihao@gmail.com\u003e","fileTypesAndContributionMap":{"yml":{"insertions":4,"deletions":4},"js":{"insertions":23,"deletions":46},"json":{"insertions":2633,"deletions":430}}}]},{"date":"2020-09-07","commitResults":[{"hash":"d1804776b86f9c10903068d3b8a04182ac2a2141","messageTitle":"About us page (#312)","messageBody":"* Add about us page UI\r\n\r\n* extract members as constant\r\n\r\n* Separate teams and refactor code\r\n\r\n* Add member descriptions and banner descriptions","fileTypesAndContributionMap":{"js":{"insertions":292,"deletions":0}}},{"hash":"dc488bf00df898b51b3330a25f2c93e56d2e5c90","messageTitle":"Add missing page links in drawer (#334)","messageBody":"Co-authored-by: Marcus Koh \u003ckohchihao@gmail.com\u003e","fileTypesAndContributionMap":{"js":{"insertions":15,"deletions":6}}}]},{"date":"2020-09-08","commitResults":[{"hash":"e476335e638667637a522f76d72e2540eac6828a","messageTitle":"Add roxanne details (#338)","messageBody":"Co-authored-by: Marcus Koh \u003ckohchihao@gmail.com\u003e","fileTypesAndContributionMap":{"js":{"insertions":7,"deletions":0}}},{"hash":"ae223823abfe489b6124eea2fae77acdc1f89ab4","messageTitle":"Fix search page bug (#336)","messageBody":"Co-authored-by: Marcus Koh \u003ckohchihao@gmail.com\u003e","fileTypesAndContributionMap":{"js":{"insertions":1,"deletions":1}}}]},{"date":"2020-09-10","commitResults":[{"hash":"67d85005225caaead48365d5e89007178cb49134","messageTitle":"Minor changes based on comments (#345)","messageBody":"* Add delivery partners to drawer\r\n\r\n* Add in hello@giftforgood.io in contact us page\r\n\r\n* Update FAQ\r\n\r\n* Reword delivery message\r\n\r\n* Add link to delivery partners in system generated message\r\n\r\n* Reword auth error\r\n\r\n* Update contact us page","fileTypesAndContributionMap":{"md":{"insertions":14,"deletions":4},"js":{"insertions":19,"deletions":7}}},{"hash":"f0fdcda8561e86ef4d39d34b61fc6020b9bd95ba","messageTitle":"Remove Avatar component (#346)","messageBody":"","fileTypesAndContributionMap":{"js":{"insertions":4,"deletions":30}}}]},{"date":"2020-09-13","commitResults":[{"hash":"43bd9130d49a2d2901825a28d05072bc7e8bc3a2","messageTitle":"Add credits page (#351)","messageBody":"Co-authored-by: Marcus Koh \u003ckohchihao@gmail.com\u003e","fileTypesAndContributionMap":{"js":{"insertions":551,"deletions":0}}}]},{"date":"2020-09-14","commitResults":[{"hash":"9bc9c090ddcc1d1907d22c63d524427ad291b649","messageTitle":"Add contact page link in NPO edit profile (#358)","messageBody":"* Add contact page link\r\n\r\n* Add external property\r\n\r\n* Run prettier\r\n\r\n* Add missing link","fileTypesAndContributionMap":{"js":{"insertions":8,"deletions":2}}}]},{"date":"2020-09-17","commitResults":[{"hash":"5d3eeba4e1b5effce8e8845585c3269b58588038","messageTitle":"Add conditionally show when no chats available (#363)","messageBody":"","fileTypesAndContributionMap":{"js":{"insertions":4,"deletions":1}}}]},{"date":"2020-09-22","commitResults":[{"hash":"24cf7696c6ea8b1ce8f33e71264316025c393d88","messageTitle":"Modify about us page mobile view (#366)","messageBody":"Co-authored-by: Marcus Koh \u003ckohchihao@gmail.com\u003e","fileTypesAndContributionMap":{"js":{"insertions":49,"deletions":3}}}]},{"date":"2020-10-08","commitResults":[{"hash":"4bc9aca96ed44dd017424bf105cd912b271e07f5","messageTitle":"Add duplicate wish feature (#375)","messageBody":"","fileTypesAndContributionMap":{"js":{"insertions":56,"deletions":4}}},{"hash":"50a3e509a7d30b3e8b53938d18fd44ec24d809be","messageTitle":"Redirect back to chat after login (#377)","messageBody":"Co-authored-by: Marcus Koh \u003ckohchihao@gmail.com\u003e","fileTypesAndContributionMap":{"js":{"insertions":26,"deletions":15}}}]},{"date":"2020-10-25","commitResults":[{"hash":"58912fa96ae48b3258ad8642d4edccb1036152a2","messageTitle":"Add meta description for SEO purposes (#381)","messageBody":"","fileTypesAndContributionMap":{"js":{"insertions":4,"deletions":0}}},{"hash":"d464d704f5bcd741c337fc6404cd7c1579d39e2c","messageTitle":"Add verified tag to NPO profile (#382)","messageBody":"* Add verified tag to profile\r\n\r\n* Add email verified check","fileTypesAndContributionMap":{"js":{"insertions":19,"deletions":2}}}]},{"date":"2020-10-26","commitResults":[{"hash":"10deef40b44cb07ef0bed4a7aff76964f16ab00c","messageTitle":"Remove check for email verified (#388)","messageBody":"Co-authored-by: Marcus Koh \u003ckohchihao@gmail.com\u003e","fileTypesAndContributionMap":{"js":{"insertions":1,"deletions":1}}}]},{"date":"2020-11-01","commitResults":[{"hash":"24b917973b9ec3e4bef04368a6b925f630fd52d3","messageTitle":"Upgrade next to v10.0.0 (#392)","messageBody":"","fileTypesAndContributionMap":{"json":{"insertions":1500,"deletions":698}}}]},{"date":"2020-12-07","commitResults":[{"hash":"cd226c840d6791515fc36d29af88bb783766fa44","messageTitle":"Refactor FAQ page (#404)","messageBody":"* First rough draft of faq page\r\n\r\n* Add banner and animations\r\n\r\n* Fix margins\r\n\r\n* Add navs, modify banner to solid colors\r\n\r\nCo-authored-by: Marcus Koh \u003ckohchihao@gmail.com\u003e","fileTypesAndContributionMap":{"md":{"insertions":0,"deletions":245},"js":{"insertions":1082,"deletions":39}}}]},{"date":"2020-12-09","commitResults":[{"hash":"4d726bc40d75ff2d42f824629880deeb37f9e036","messageTitle":"Add padding for top wishes (#408)","messageBody":"","fileTypesAndContributionMap":{"js":{"insertions":1,"deletions":0}}},{"hash":"22b5e8d660b3ebe04707c05f12867830988429ec","messageTitle":"Fix unique key errors (#407)","messageBody":"Co-authored-by: Marcus Koh \u003ckohchihao@gmail.com\u003e","fileTypesAndContributionMap":{"js":{"insertions":5,"deletions":4}}}]},{"date":"2020-12-13","commitResults":[{"hash":"66090804d4e6da5509ca85c3b073c60ebb883ad2","messageTitle":"Add redirect url after logging in (#406)","messageBody":"Co-authored-by: Marcus Koh \u003ckohchihao@gmail.com\u003e","fileTypesAndContributionMap":{"js":{"insertions":2,"deletions":1}}},{"hash":"41e81d746943dd5972264872c1497947df2ba943","messageTitle":"Fix chrome issue with negative scrollTop (#412)","messageBody":"Co-authored-by: Marcus Koh \u003ckohchihao@gmail.com\u003e","fileTypesAndContributionMap":{"js":{"insertions":3,"deletions":2}}}]},{"date":"2020-12-14","commitResults":[{"hash":"e73f393fea4fabdd718f230dfef14ca65df012d9","messageTitle":"Revert \"Add redirect url after logging in (#406)\"","messageBody":"This reverts commit 66090804d4e6da5509ca85c3b073c60ebb883ad2.\n","fileTypesAndContributionMap":{"js":{"insertions":1,"deletions":2}}}]},{"date":"2020-12-16","commitResults":[{"hash":"e380f0f9717d1ba3fa1e47adf77d2ca41da1996c","messageTitle":"Add how it works section in home page (#402)","messageBody":"* Add how it works section in home page\r\n\r\n* Add basic undo button\r\n\r\n* adjust height of undo div\r\n\r\n* reset current slide when close slide show\r\n\r\n* Update colors\r\n\r\n* Utilise max width container\r\n\r\n* Change text to teal\r\n\r\n* Fix console errors\r\n\r\n* Fix top wishes undefined key\r\n\r\n* Update image paths\r\n\r\n* Fix issue mentioned\r\n\r\nCo-authored-by: Marcus Koh \u003ckohchihao@gmail.com\u003e","fileTypesAndContributionMap":{"js":{"insertions":451,"deletions":13}}},{"hash":"9ee58fa023c8ec4c701defc806a872bf914a1d9d","messageTitle":"Add mark as delivered button in chat (#379)","messageBody":"* Add mark as delivered button in chat\r\n\r\n* Add chatStatus api and change frontend accordingly\r\n\r\n* Add status badge in chat cards\r\n\r\n* Change based on comments\r\n\r\n* Refactor based on comments\r\n\r\n* Use refactored colors\r\n\r\n* Fix mistake with merge conflcit\r\n\r\nCo-authored-by: Marcus Koh \u003ckohchihao@gmail.com\u003e","fileTypesAndContributionMap":{"js":{"insertions":214,"deletions":28}}}]},{"date":"2020-12-27","commitResults":[{"hash":"a321a7341dce69b7761afff6ab45e15aae5ea58c","messageTitle":"Refactor top and bottom nav for mobile (#413)","messageBody":"* First draft of refactoring top and bottom nav\r\n\r\n* Add mobile search bar onClick and others\r\n\r\n* Add empty row\r\n\r\n* Add wish and donation icon\r\n\r\n* Add closing of drawer after logout\r\n\r\n* Add red cta background","fileTypesAndContributionMap":{"js":{"insertions":276,"deletions":130}}},{"hash":"e8d231b2d3cb89811e12f63d16a55e8201c1eabb","messageTitle":"Add redirect page to original page after login (#416)","messageBody":"","fileTypesAndContributionMap":{"js":{"insertions":2,"deletions":1}}}]},{"date":"2021-01-05","commitResults":[{"hash":"0aea6ab29708178a8cbc3b1a3c6cda8092892175","messageTitle":"Add disabled status buttons in post details (#419)","messageBody":"Co-authored-by: Marcus Koh \u003ckohchihao@gmail.com\u003e","fileTypesAndContributionMap":{"js":{"insertions":15,"deletions":16}}}]},{"date":"2021-01-06","commitResults":[{"hash":"b90c0549e4fea2ad652fdf14ae748f5e7fa6574e","messageTitle":"Disable clickable icons on google map (#418)","messageBody":"Co-authored-by: Marcus Koh \u003ckohchihao@gmail.com\u003e","fileTypesAndContributionMap":{"js":{"insertions":1,"deletions":0}}}]},{"date":"2021-01-11","commitResults":[{"hash":"5fb6c3fcf36b3b8204c944623c4fd0c0f9e3d3f0","messageTitle":"Add draft message functionality with local storage (#411)","messageBody":"Co-authored-by: Marcus Koh \u003ckohchihao@gmail.com\u003e","fileTypesAndContributionMap":{"js":{"insertions":60,"deletions":2}}}]}]},"authorFileTypeContributionMap":{"jamessspanggg":{"md":113,"yml":4,"json":1781,"LICENSE":21,"js":8181}},"authorContributionVariance":{"jamessspanggg":95803.805},"authorDisplayNameMap":{"jamessspanggg":"James Pang"}}
